Season,Competition Group,Competition,Week Date,Home Team,Away Team,Home Team Score,Away Team Score,Home Team Badge,Away Team Badge,Fixture Location,Time of Match
2024-2025,LONDON HOCKEY LEAGUE WOMENS,London Women's Premier Division,2025-03-15,Surbiton W3,Hampstead & Westminster W3,,,https://clubportal.englandhockey.co.uk/uploads/clubcrests/204931/Surbiton_HC_1695094895.jpg,https://clubportal.englandhockey.co.uk/uploads/clubcrests/204993/Hampstead_&_Westminster_HC_1725291926.jpg,Surbiton HC - Pitch 2,11:15
2024-2025,LONDON HOCKEY LEAGUE WOMENS,London Women's Premier Division,2025-03-15,West Hampstead W1,Barnes W2,,,https://clubportal.englandhockey.co.uk/uploads/clubcrests/204991/West_Hampstead_HC_1693917045.png,https://clubportal.englandhockey.co.uk/uploads/clubcrests/205301/Barnes_HC_1689063858.png,Whitefields School - Pitch 1,12:15
2024-2025,LONDON HOCKEY LEAGUE WOMENS,London Women's Premier Division,2025-03-15,Wanderers W1,Wimbledon W3,,,https://clubportal.englandhockey.co.uk/uploads/clubcrests/206663/Wanderers_HC_1697184265.png,https://clubportal.englandhockey.co.uk/uploads/clubcrests/205025/Wimbledon_HC_1669065719.jpg,Battersea Park - Far Pitch,13:30
2024-2025,LONDON HOCKEY LEAGUE WOMENS,London Women's Premier Division,2025-03-15,Tulse Hill & Dulwich W1,Surbiton Sparks,,,https://clubportal.englandhockey.co.uk/uploads/clubcrests/205975/Tulse_Hill_&_Dulwich_HC_1696366449.png,https://clubportal.englandhockey.co.uk/uploads/clubcrests/204931/Surbiton_HC_1695094895.jpg,Alleyns School,13:30
2024-2025,LONDON HOCKEY LEAGUE WOMENS,London Women's Premier Division,2025-03-15,London Wayfarers W2,Old Cranleighan W1,,,https://clubportal.englandhockey.co.uk/uploads/clubcrests/204951/London_Wayfarers_HC_1665133628.png,https://clubportal.englandhockey.co.uk/uploads/clubcrests/204967/Old_Cranleighan_HC_1696437204.png,Kings House Sports Ground,13:30
2024-2025,LONDON HOCKEY LEAGUE WOMENS,London Women's Premier Division,2025-03-15,Southgate W2,PHC Chiswick W1,,,https://clubportal.englandhockey.co.uk/uploads/clubcrests/204919/Southgate_HC_1693241053.png,https://clubportal.englandhockey.co.uk/uploads/clubcrests/205083/PHC_Chiswick_HC_1693069911.jpg,Southgate Hockey Centre Pitch 1,15:00
2024-2025,LONDON HOCKEY LEAGUE WOMENS,London Women's Premier Division,2024-09-21,Barnes W2,Wimbledon W3,5,0,https://clubportal.englandhockey.co.uk/uploads/clubcrests/205301/Barnes_HC_1689063858.png,https://clubportal.englandhockey.co.uk/uploads/clubcrests/205025/Wimbledon_HC_1669065719.jpg,Dukes Meadow pitch,Completed
2024-2025,LONDON HOCKEY LEAGUE WOMENS,London Women's Premier Division,2024-09-21,Hampstead & Westminster W3,PHC Chiswick W1,2,1,https://clubportal.englandhockey.co.uk/uploads/clubcrests/204993/Hampstead_&_Westminster_HC_1725291926.jpg,https://clubportal.englandhockey.co.uk/uploads/clubcrests/205083/PHC_Chiswick_HC_1693069911.jpg,Paddington Recreation Ground,Completed
2024-2025,LONDON HOCKEY LEAGUE WOMENS,London Women's Premier Division,2024-09-21,Tulse Hill & Dulwich W1,Southgate W2,1,2,https://clubportal.englandhockey.co.uk/uploads/clubcrests/205975/Tulse_Hill_&_Dulwich_HC_1696366449.png,https://clubportal.englandhockey.co.uk/uploads/clubcrests/204919/Southgate_HC_1693241053.png,Alleyns School,Completed
2024-2025,LONDON HOCKEY LEAGUE WOMENS,London Women's Premier Division,2024-09-21,Surbiton Sparks,Wanderers W1,1,1,https://clubportal.englandhockey.co.uk/uploads/clubcrests/204931/Surbiton_HC_1695094895.jpg,https://clubportal.englandhockey.co.uk/uploads/clubcrests/206663/Wanderers_HC_1697184265.png,Surbiton HC - Pitch 1,Completed
2024-2025,LONDON HOCKEY LEAGUE WOMENS,London Women's Premier Division,2024-09-21,Old Cranleighan W1,Surbiton W3,2,3,https://clubportal.englandhockey.co.uk/uploads/clubcrests/204967/Old_Cranleighan_HC_1696437204.png,https://clubportal.englandhockey.co.uk/uploads/clubcrests/204931/Surbiton_HC_1695094895.jpg,Old Cranleighan Sports Club,Completed
2024-2025,LONDON HOCKEY LEAGUE WOMENS,London Women's Premier Division,2024-09-21,London Wayfarers W2,West Hampstead W1,0,3,https://clubportal.englandhockey.co.uk/uploads/clubcrests/204951/London_Wayfarers_HC_1665133628.png,https://clubportal.englandhockey.co.uk/uploads/clubcrests/204991/West_Hampstead_HC_1693917045.png,Kings House Sports Ground,Completed
2024-2025,LONDON HOCKEY LEAGUE WOMENS,London Women's Premier Division,2024-09-28,Wimbledon W3,Old Cranleighan W1,1,5,https://clubportal.englandhockey.co.uk/uploads/clubcrests/205025/Wimbledon_HC_1669065719.jpg,https://clubportal.englandhockey.co.uk/uploads/clubcrests/204967/Old_Cranleighan_HC_1696437204.png,Raynes Park High School,Completed
2024-2025,LONDON HOCKEY LEAGUE WOMENS,London Women's Premier Division,2024-09-28,West Hampstead W1,Hampstead & Westminster W3,3,0,https://clubportal.englandhockey.co.uk/uploads/clubcrests/204991/West_Hampstead_HC_1693917045.png,https://clubportal.englandhockey.co.uk/uploads/clubcrests/204993/Hampstead_&_Westminster_HC_1725291926.jpg,Whitefields School - Pitch 1,Completed
2024-2025,LONDON HOCKEY LEAGUE WOMENS,London Women's Premier Division,2024-09-28,Wanderers W1,Tulse Hill & Dulwich W1,3,3,https://clubportal.englandhockey.co.uk/uploads/clubcrests/206663/Wanderers_HC_1697184265.png,https://clubportal.englandhockey.co.uk/uploads/clubcrests/205975/Tulse_Hill_&_Dulwich_HC_1696366449.png,Battersea Park - Far Pitch,Completed
2024-2025,LONDON HOCKEY LEAGUE WOMENS,London Women's Premier Division,2024-09-28,Surbiton W3,Surbiton Sparks,1,3,https://clubportal.englandhockey.co.uk/uploads/clubcrests/204931/Surbiton_HC_1695094895.jpg,https://clubportal.englandhockey.co.uk/uploads/clubcrests/204931/Surbiton_HC_1695094895.jpg,Surbiton HC - Pitch 2,Completed
2024-2025,LONDON HOCKEY LEAGUE WOMENS,London Women's Premier Division,2024-09-28,Southgate W2,London Wayfarers W2,0,2,https://clubportal.englandhockey.co.uk/uploads/clubcrests/204919/Southgate_HC_1693241053.png,https://clubportal.englandhockey.co.uk/uploads/clubcrests/204951/London_Wayfarers_HC_1665133628.png,Southgate Hockey Centre Pitch 1,Completed
2024-2025,LONDON HOCKEY LEAGUE WOMENS,London Women's Premier Division,2024-09-28,PHC Chiswick W1,Barnes W2,1,1,https://clubportal.englandhockey.co.uk/uploads/clubcrests/205083/PHC_Chiswick_HC_1693069911.jpg,https://clubportal.englandhockey.co.uk/uploads/clubcrests/205301/Barnes_HC_1689063858.png,Latymer Upper School,Completed
2024-2025,LONDON HOCKEY LEAGUE WOMENS,London Women's Premier Division,2024-10-05,Barnes W2,Hampstead & Westminster W3,2,1,https://clubportal.englandhockey.co.uk/uploads/clubcrests/205301/Barnes_HC_1689063858.png,https://clubportal.englandhockey.co.uk/uploads/clubcrests/204993/Hampstead_&_Westminster_HC_1725291926.jpg,Dukes Meadow pitch,Completed
2024-2025,LONDON HOCKEY LEAGUE WOMENS,London Women's Premier Division,2024-10-05,Tulse Hill & Dulwich W1,Surbiton W3,4,0,https://clubportal.englandhockey.co.uk/uploads/clubcrests/205975/Tulse_Hill_&_Dulwich_HC_1696366449.png,https://clubportal.englandhockey.co.uk/uploads/clubcrests/204931/Surbiton_HC_1695094895.jpg,Alleyns School,Completed
2024-2025,LONDON HOCKEY LEAGUE WOMENS,London Women's Premier Division,2024-10-05,Southgate W2,West Hampstead W1,2,1,https://clubportal.englandhockey.co.uk/uploads/clubcrests/204919/Southgate_HC_1693241053.png,https://clubportal.englandhockey.co.uk/uploads/clubcrests/204991/West_Hampstead_HC_1693917045.png,Southgate Hockey Centre Pitch 1,Completed
2024-2025,LONDON HOCKEY LEAGUE WOMENS,London Women's Premier Division,2024-10-05,Old Cranleighan W1,PHC Chiswick W1,3,3,https://clubportal.englandhockey.co.uk/uploads/clubcrests/204967/Old_Cranleighan_HC_1696437204.png,https://clubportal.englandhockey.co.uk/uploads/clubcrests/205083/PHC_Chiswick_HC_1693069911.jpg,Old Cranleighan Sports Club,Completed
2024-2025,LONDON HOCKEY LEAGUE WOMENS,London Women's Premier Division,2024-10-05,Wimbledon W3,Surbiton Sparks,1,1,https://clubportal.englandhockey.co.uk/uploads/clubcrests/205025/Wimbledon_HC_1669065719.jpg,https://clubportal.englandhockey.co.uk/uploads/clubcrests/204931/Surbiton_HC_1695094895.jpg,Raynes Park High School,Completed
2024-2025,LONDON HOCKEY LEAGUE WOMENS,London Women's Premier Division,2024-10-05,London Wayfarers W2,Wanderers W1,2,1,https://clubportal.englandhockey.co.uk/uploads/clubcrests/204951/London_Wayfarers_HC_1665133628.png,https://clubportal.englandhockey.co.uk/uploads/clubcrests/206663/Wanderers_HC_1697184265.png,Kings House Sports Ground,Completed
2024-2025,LONDON HOCKEY LEAGUE WOMENS,London Women's Premier Division,2024-10-12,Surbiton W3,London Wayfarers W2,2,1,https://clubportal.englandhockey.co.uk/uploads/clubcrests/204931/Surbiton_HC_1695094895.jpg,https://clubportal.englandhockey.co.uk/uploads/clubcrests/204951/London_Wayfarers_HC_1665133628.png,Surbiton HC - Pitch 2,Completed
2024-2025,LONDON HOCKEY LEAGUE WOMENS,London Women's Premier Division,2024-10-12,Wimbledon W3,Tulse Hill & Dulwich W1,1,4,https://clubportal.englandhockey.co.uk/uploads/clubcrests/205025/Wimbledon_HC_1669065719.jpg,https://clubportal.englandhockey.co.uk/uploads/clubcrests/205975/Tulse_Hill_&_Dulwich_HC_1696366449.png,Raynes Park High School,Completed
2024-2025,LONDON HOCKEY LEAGUE WOMENS,London Women's Premier Division,2024-10-12,Barnes W2,Old Cranleighan W1,4,0,https://clubportal.englandhockey.co.uk/uploads/clubcrests/205301/Barnes_HC_1689063858.png,https://clubportal.englandhockey.co.uk/uploads/clubcrests/204967/Old_Cranleighan_HC_1696437204.png,Dukes Meadow pitch,Completed
2024-2025,LONDON HOCKEY LEAGUE WOMENS,London Women's Premier Division,2024-10-12,Wanderers W1,West Hampstead W1,0,4,https://clubportal.englandhockey.co.uk/uploads/clubcrests/206663/Wanderers_HC_1697184265.png,https://clubportal.englandhockey.co.uk/uploads/clubcrests/204991/West_Hampstead_HC_1693917045.png,Kennington Park,Completed
2024-2025,LONDON HOCKEY LEAGUE WOMENS,London Women's Premier Division,2024-10-12,Hampstead & Westminster W3,Southgate W2,0,4,https://clubportal.englandhockey.co.uk/uploads/clubcrests/204993/Hampstead_&_Westminster_HC_1725291926.jpg,https://clubportal.englandhockey.co.uk/uploads/clubcrests/204919/Southgate_HC_1693241053.png,Paddington Recreation Ground,Completed
2024-2025,LONDON HOCKEY LEAGUE WOMENS,London Women's Premier Division,2024-10-12,PHC Chiswick W1,Surbiton Sparks,2,3,https://clubportal.englandhockey.co.uk/uploads/clubcrests/205083/PHC_Chiswick_HC_1693069911.jpg,https://clubportal.englandhockey.co.uk/uploads/clubcrests/204931/Surbiton_HC_1695094895.jpg,Latymer Upper School,Completed
2024-2025,LONDON HOCKEY LEAGUE WOMENS,London Women's Premier Division,2024-10-19,Tulse Hill & Dulwich W1,PHC Chiswick W1,2,4,https://clubportal.englandhockey.co.uk/uploads/clubcrests/205975/Tulse_Hill_&_Dulwich_HC_1696366449.png,https://clubportal.englandhockey.co.uk/uploads/clubcrests/205083/PHC_Chiswick_HC_1693069911.jpg,Alleyns School,Completed
2024-2025,LONDON HOCKEY LEAGUE WOMENS,London Women's Premier Division,2024-10-19,Southgate W2,Wanderers W1,2,0,https://clubportal.englandhockey.co.uk/uploads/clubcrests/204919/Southgate_HC_1693241053.png,https://clubportal.englandhockey.co.uk/uploads/clubcrests/206663/Wanderers_HC_1697184265.png,Southgate Hockey Centre Pitch 1,Completed
2024-2025,LONDON HOCKEY LEAGUE WOMENS,London Women's Premier Division,2024-10-19,West Hampstead W1,Surbiton W3,1,1,https://clubportal.englandhockey.co.uk/uploads/clubcrests/204991/West_Hampstead_HC_1693917045.png,https://clubportal.englandhockey.co.uk/uploads/clubcrests/204931/Surbiton_HC_1695094895.jpg,Whitefields School - Pitch 1,Completed
2024-2025,LONDON HOCKEY LEAGUE WOMENS,London Women's Premier Division,2024-10-19,Surbiton Sparks,Barnes W2,0,4,https://clubportal.englandhockey.co.uk/uploads/clubcrests/204931/Surbiton_HC_1695094895.jpg,https://clubportal.englandhockey.co.uk/uploads/clubcrests/205301/Barnes_HC_1689063858.png,Surbiton HC - Pitch 2,Completed
2024-2025,LONDON HOCKEY LEAGUE WOMENS,London Women's Premier Division,2024-10-19,Old Cranleighan W1,Hampstead & Westminster W3,1,2,https://clubportal.englandhockey.co.uk/uploads/clubcrests/204967/Old_Cranleighan_HC_1696437204.png,https://clubportal.englandhockey.co.uk/uploads/clubcrests/204993/Hampstead_&_Westminster_HC_1725291926.jpg,Old Cranleighan Sports Club,Completed
2024-2025,LONDON HOCKEY LEAGUE WOMENS,London Women's Premier Division,2024-10-19,London Wayfarers W2,Wimbledon W3,4,1,https://clubportal.englandhockey.co.uk/uploads/clubcrests/204951/London_Wayfarers_HC_1665133628.png,https://clubportal.englandhockey.co.uk/uploads/clubcrests/205025/Wimbledon_HC_1669065719.jpg,Kennington Park,Completed
2024-2025,LONDON HOCKEY LEAGUE WOMENS,London Women's Premier Division,2024-11-02,Barnes W2,Tulse Hill & Dulwich W1,3,2,https://clubportal.englandhockey.co.uk/uploads/clubcrests/205301/Barnes_HC_1689063858.png,https://clubportal.englandhockey.co.uk/uploads/clubcrests/205975/Tulse_Hill_&_Dulwich_HC_1696366449.png,Dukes Meadow pitch,Completed
2024-2025,LONDON HOCKEY LEAGUE WOMENS,London Women's Premier Division,2024-11-02,Surbiton W3,Southgate W2,0,1,https://clubportal.englandhockey.co.uk/uploads/clubcrests/204931/Surbiton_HC_1695094895.jpg,https://clubportal.englandhockey.co.uk/uploads/clubcrests/204919/Southgate_HC_1693241053.png,Surbiton HC - Pitch 1,Completed
2024-2025,LONDON HOCKEY LEAGUE WOMENS,London Women's Premier Division,2024-11-02,Hampstead & Westminster W3,Wanderers W1,2,1,https://clubportal.englandhockey.co.uk/uploads/clubcrests/204993/Hampstead_&_Westminster_HC_1725291926.jpg,https://clubportal.englandhockey.co.uk/uploads/clubcrests/206663/Wanderers_HC_1697184265.png,Mallinson Sports Centre,Completed
2024-2025,LONDON HOCKEY LEAGUE WOMENS,London Women's Premier Division,2024-11-02,Wimbledon W3,West Hampstead W1,0,4,https://clubportal.englandhockey.co.uk/uploads/clubcrests/205025/Wimbledon_HC_1669065719.jpg,https://clubportal.englandhockey.co.uk/uploads/clubcrests/204991/West_Hampstead_HC_1693917045.png,Raynes Park High School,Completed
2024-2025,LONDON HOCKEY LEAGUE WOMENS,London Women's Premier Division,2024-11-02,PHC Chiswick W1,London Wayfarers W2,2,3,https://clubportal.englandhockey.co.uk/uploads/clubcrests/205083/PHC_Chiswick_HC_1693069911.jpg,https://clubportal.englandhockey.co.uk/uploads/clubcrests/204951/London_Wayfarers_HC_1665133628.png,Latymer Upper School,Completed
2024-2025,LONDON HOCKEY LEAGUE WOMENS,London Women's Premier Division,2024-11-02,Old Cranleighan W1,Surbiton Sparks,0,2,https://clubportal.englandhockey.co.uk/uploads/clubcrests/204967/Old_Cranleighan_HC_1696437204.png,https://clubportal.englandhockey.co.uk/uploads/clubcrests/204931/Surbiton_HC_1695094895.jpg,Old Cranleighan Sports Club,Completed
2024-2025,LONDON HOCKEY LEAGUE WOMENS,London Women's Premier Division,2024-11-09,London Wayfarers W2,Barnes W2,3,2,https://clubportal.englandhockey.co.uk/uploads/clubcrests/204951/London_Wayfarers_HC_1665133628.png,https://clubportal.englandhockey.co.uk/uploads/clubcrests/205301/Barnes_HC_1689063858.png,Kings House Sports Ground,Completed
2024-2025,LONDON HOCKEY LEAGUE WOMENS,London Women's Premier Division,2024-11-09,Tulse Hill & Dulwich W1,Old Cranleighan W1,3,1,https://clubportal.englandhockey.co.uk/uploads/clubcrests/205975/Tulse_Hill_&_Dulwich_HC_1696366449.png,https://clubportal.englandhockey.co.uk/uploads/clubcrests/204967/Old_Cranleighan_HC_1696437204.png,Alleyns School,Completed
2024-2025,LONDON HOCKEY LEAGUE WOMENS,London Women's Premier Division,2024-11-09,Southgate W2,Wimbledon W3,2,0,https://clubportal.englandhockey.co.uk/uploads/clubcrests/204919/Southgate_HC_1693241053.png,https://clubportal.englandhockey.co.uk/uploads/clubcrests/205025/Wimbledon_HC_1669065719.jpg,Southgate Hockey Centre Pitch 1,Completed
2024-2025,LONDON HOCKEY LEAGUE WOMENS,London Women's Premier Division,2024-11-09,Wanderers W1,Surbiton W3,2,1,https://clubportal.englandhockey.co.uk/uploads/clubcrests/206663/Wanderers_HC_1697184265.png,https://clubportal.englandhockey.co.uk/uploads/clubcrests/204931/Surbiton_HC_1695094895.jpg,Battersea Park - Far Pitch,Completed
2024-2025,LONDON HOCKEY LEAGUE WOMENS,London Women's Premier Division,2024-11-09,West Hampstead W1,PHC Chiswick W1,7,1,https://clubportal.englandhockey.co.uk/uploads/clubcrests/204991/West_Hampstead_HC_1693917045.png,https://clubportal.englandhockey.co.uk/uploads/clubcrests/205083/PHC_Chiswick_HC_1693069911.jpg,Whitefields School - Pitch 1,Completed
2024-2025,LONDON HOCKEY LEAGUE WOMENS,London Women's Premier Division,2024-11-09,Surbiton Sparks,Hampstead & Westminster W3,2,3,https://clubportal.englandhockey.co.uk/uploads/clubcrests/204931/Surbiton_HC_1695094895.jpg,https://clubportal.englandhockey.co.uk/uploads/clubcrests/204993/Hampstead_&_Westminster_HC_1725291926.jpg,Surbiton HC - Pitch 1,Completed
2024-2025,LONDON HOCKEY LEAGUE WOMENS,London Women's Premier Division,2024-11-16,Wimbledon W3,Wanderers W1,4,2,https://clubportal.englandhockey.co.uk/uploads/clubcrests/205025/Wimbledon_HC_1669065719.jpg,https://clubportal.englandhockey.co.uk/uploads/clubcrests/206663/Wanderers_HC_1697184265.png,Raynes Park High School,Completed
2024-2025,LONDON HOCKEY LEAGUE WOMENS,London Women's Premier Division,2024-11-16,Surbiton Sparks,Tulse Hill & Dulwich W1,2,2,https://clubportal.englandhockey.co.uk/uploads/clubcrests/204931/Surbiton_HC_1695094895.jpg,https://clubportal.englandhockey.co.uk/uploads/clubcrests/205975/Tulse_Hill_&_Dulwich_HC_1696366449.png,Surbiton HC - Pitch 2,Completed
2024-2025,LONDON HOCKEY LEAGUE WOMENS,London Women's Premier Division,2024-11-16,Barnes W2,West Hampstead W1,1,0,https://clubportal.englandhockey.co.uk/uploads/clubcrests/205301/Barnes_HC_1689063858.png,https://clubportal.englandhockey.co.uk/uploads/clubcrests/204991/West_Hampstead_HC_1693917045.png,Dukes Meadow pitch,Completed
2024-2025,LONDON HOCKEY LEAGUE WOMENS,London Women's Premier Division,2024-11-16,PHC Chiswick W1,Southgate W2,3,4,https://clubportal.englandhockey.co.uk/uploads/clubcrests/205083/PHC_Chiswick_HC_1693069911.jpg,https://clubportal.englandhockey.co.uk/uploads/clubcrests/204919/Southgate_HC_1693241053.png,Liverpool Victoria Sports Ground,Completed
2024-2025,LONDON HOCKEY LEAGUE WOMENS,London Women's Premier Division,2024-11-16,Old Cranleighan W1,London Wayfarers W2,1,2,https://clubportal.englandhockey.co.uk/uploads/clubcrests/204967/Old_Cranleighan_HC_1696437204.png,https://clubportal.englandhockey.co.uk/uploads/clubcrests/204951/London_Wayfarers_HC_1665133628.png,Old Cranleighan Sports Club,Completed
2024-2025,LONDON HOCKEY LEAGUE WOMENS,London Women's Premier Division,2024-11-16,Hampstead & Westminster W3,Surbiton W3,3,2,https://clubportal.englandhockey.co.uk/uploads/clubcrests/204993/Hampstead_&_Westminster_HC_1725291926.jpg,https://clubportal.englandhockey.co.uk/uploads/clubcrests/204931/Surbiton_HC_1695094895.jpg,Mill Hill School,Completed
2024-2025,LONDON HOCKEY LEAGUE WOMENS,London Women's Premier Division,2024-11-23,West Hampstead W1,Old Cranleighan W1,4,2,https://clubportal.englandhockey.co.uk/uploads/clubcrests/204991/West_Hampstead_HC_1693917045.png,https://clubportal.englandhockey.co.uk/uploads/clubcrests/204967/Old_Cranleighan_HC_1696437204.png,Whitefields School - Pitch 1,Completed
2024-2025,LONDON HOCKEY LEAGUE WOMENS,London Women's Premier Division,2024-11-23,London Wayfarers W2,Surbiton Sparks,4,1,https://clubportal.englandhockey.co.uk/uploads/clubcrests/204951/London_Wayfarers_HC_1665133628.png,https://clubportal.englandhockey.co.uk/uploads/clubcrests/204931/Surbiton_HC_1695094895.jpg,Kings House Sports Ground,Completed
2024-2025,LONDON HOCKEY LEAGUE WOMENS,London Women's Premier Division,2024-11-23,Tulse Hill & Dulwich W1,Hampstead & Westminster W3,2,0,https://clubportal.englandhockey.co.uk/uploads/clubcrests/205975/Tulse_Hill_&_Dulwich_HC_1696366449.png,https://clubportal.englandhockey.co.uk/uploads/clubcrests/204993/Hampstead_&_Westminster_HC_1725291926.jpg,Alleyns School,Completed
2024-2025,LONDON HOCKEY LEAGUE WOMENS,London Women's Premier Division,2024-11-23,Wanderers W1,PHC Chiswick W1,2,0,https://clubportal.englandhockey.co.uk/uploads/clubcrests/206663/Wanderers_HC_1697184265.png,https://clubportal.englandhockey.co.uk/uploads/clubcrests/205083/PHC_Chiswick_HC_1693069911.jpg,Battersea Park - Far Pitch,Completed
2024-2025,LONDON HOCKEY LEAGUE WOMENS,London Women's Premier Division,2024-11-23,Surbiton W3,Wimbledon W3,2,0,https://clubportal.englandhockey.co.uk/uploads/clubcrests/204931/Surbiton_HC_1695094895.jpg,https://clubportal.englandhockey.co.uk/uploads/clubcrests/205025/Wimbledon_HC_1669065719.jpg,Surbiton HC - Pitch 2,Completed
2024-2025,LONDON HOCKEY LEAGUE WOMENS,London Women's Premier Division,2024-11-23,Southgate W2,Barnes W2,1,0,https://clubportal.englandhockey.co.uk/uploads/clubcrests/204919/Southgate_HC_1693241053.png,https://clubportal.englandhockey.co.uk/uploads/clubcrests/205301/Barnes_HC_1689063858.png,Southgate Hockey Centre Pitch 1,Completed
2024-2025,LONDON HOCKEY LEAGUE WOMENS,London Women's Premier Division,2024-11-30,Barnes W2,Wanderers W1,5,1,https://clubportal.englandhockey.co.uk/uploads/clubcrests/205301/Barnes_HC_1689063858.png,https://clubportal.englandhockey.co.uk/uploads/clubcrests/206663/Wanderers_HC_1697184265.png,Dukes Meadow pitch,Completed
2024-2025,LONDON HOCKEY LEAGUE WOMENS,London Women's Premier Division,2024-11-30,Tulse Hill & Dulwich W1,London Wayfarers W2,3,1,https://clubportal.englandhockey.co.uk/uploads/clubcrests/205975/Tulse_Hill_&_Dulwich_HC_1696366449.png,https://clubportal.englandhockey.co.uk/uploads/clubcrests/204951/London_Wayfarers_HC_1665133628.png,Alleyns School,Completed
2024-2025,LONDON HOCKEY LEAGUE WOMENS,London Women's Premier Division,2024-11-30,West Hampstead W1,Surbiton Sparks,2,2,https://clubportal.englandhockey.co.uk/uploads/clubcrests/204991/West_Hampstead_HC_1693917045.png,https://clubportal.englandhockey.co.uk/uploads/clubcrests/204931/Surbiton_HC_1695094895.jpg,Whitefields School - Pitch 1,Completed
2024-2025,LONDON HOCKEY LEAGUE WOMENS,London Women's Premier Division,2024-11-30,PHC Chiswick W1,Surbiton W3,0,7,https://clubportal.englandhockey.co.uk/uploads/clubcrests/205083/PHC_Chiswick_HC_1693069911.jpg,https://clubportal.englandhockey.co.uk/uploads/clubcrests/204931/Surbiton_HC_1695094895.jpg,Latymer Upper School,Completed
2024-2025,LONDON HOCKEY LEAGUE WOMENS,London Women's Premier Division,2024-11-30,Hampstead & Westminster W3,Wimbledon W3,1,2,https://clubportal.englandhockey.co.uk/uploads/clubcrests/204993/Hampstead_&_Westminster_HC_1725291926.jpg,https://clubportal.englandhockey.co.uk/uploads/clubcrests/205025/Wimbledon_HC_1669065719.jpg,Paddington Recreation Ground,Completed
2024-2025,LONDON HOCKEY LEAGUE WOMENS,London Women's Premier Division,2024-11-30,Old Cranleighan W1,Southgate W2,1,3,https://clubportal.englandhockey.co.uk/uploads/clubcrests/204967/Old_Cranleighan_HC_1696437204.png,https://clubportal.englandhockey.co.uk/uploads/clubcrests/204919/Southgate_HC_1693241053.png,Old Cranleighan Sports Club,Completed
2024-2025,LONDON HOCKEY LEAGUE WOMENS,London Women's Premier Division,2024-12-07,Wimbledon W3,PHC Chiswick W1,0,1,https://clubportal.englandhockey.co.uk/uploads/clubcrests/205025/Wimbledon_HC_1669065719.jpg,https://clubportal.englandhockey.co.uk/uploads/clubcrests/205083/PHC_Chiswick_HC_1693069911.jpg,Raynes Park High School,Completed
2024-2025,LONDON HOCKEY LEAGUE WOMENS,London Women's Premier Division,2024-12-07,West Hampstead W1,Tulse Hill & Dulwich W1,1,1,https://clubportal.englandhockey.co.uk/uploads/clubcrests/204991/West_Hampstead_HC_1693917045.png,https://clubportal.englandhockey.co.uk/uploads/clubcrests/205975/Tulse_Hill_&_Dulwich_HC_1696366449.png,Whitefields School - Pitch 1,Completed
2024-2025,LONDON HOCKEY LEAGUE WOMENS,London Women's Premier Division,2024-12-07,London Wayfarers W2,Hampstead & Westminster W3,1,0,https://clubportal.englandhockey.co.uk/uploads/clubcrests/204951/London_Wayfarers_HC_1665133628.png,https://clubportal.englandhockey.co.uk/uploads/clubcrests/204993/Hampstead_&_Westminster_HC_1725291926.jpg,Kings House Sports Ground,Completed
2024-2025,LONDON HOCKEY LEAGUE WOMENS,London Women's Premier Division,2024-12-07,Wanderers W1,Old Cranleighan W1,4,1,https://clubportal.englandhockey.co.uk/uploads/clubcrests/206663/Wanderers_HC_1697184265.png,https://clubportal.englandhockey.co.uk/uploads/clubcrests/204967/Old_Cranleighan_HC_1696437204.png,Kennington Park,Completed
2024-2025,LONDON HOCKEY LEAGUE WOMENS,London Women's Premier Division,2024-12-07,Surbiton W3,Barnes W2,1,4,https://clubportal.englandhockey.co.uk/uploads/clubcrests/204931/Surbiton_HC_1695094895.jpg,https://clubportal.englandhockey.co.uk/uploads/clubcrests/205301/Barnes_HC_1689063858.png,Surbiton High School,Completed
2024-2025,LONDON HOCKEY LEAGUE WOMENS,London Women's Premier Division,2024-12-07,Southgate W2,Surbiton Sparks,1,0,https://clubportal.englandhockey.co.uk/uploads/clubcrests/204919/Southgate_HC_1693241053.png,https://clubportal.englandhockey.co.uk/uploads/clubcrests/204931/Surbiton_HC_1695094895.jpg,Southgate Hockey Centre Pitch 1,Completed
2024-2025,LONDON HOCKEY LEAGUE WOMENS,London Women's Premier Division,2025-01-18,West Hampstead W1,London Wayfarers W2,0,6,https://clubportal.englandhockey.co.uk/uploads/clubcrests/204991/West_Hampstead_HC_1693917045.png,https://clubportal.englandhockey.co.uk/uploads/clubcrests/204951/London_Wayfarers_HC_1665133628.png,Whitefields School - Pitch 1,Completed
2024-2025,LONDON HOCKEY LEAGUE WOMENS,London Women's Premier Division,2025-01-18,Wanderers W1,Surbiton Sparks,0,2,https://clubportal.englandhockey.co.uk/uploads/clubcrests/206663/Wanderers_HC_1697184265.png,https://clubportal.englandhockey.co.uk/uploads/clubcrests/204931/Surbiton_HC_1695094895.jpg,Battersea Park - Far Pitch,Completed
2024-2025,LONDON HOCKEY LEAGUE WOMENS,London Women's Premier Division,2025-01-18,PHC Chiswick W1,Hampstead & Westminster W3,2,2,https://clubportal.englandhockey.co.uk/uploads/clubcrests/205083/PHC_Chiswick_HC_1693069911.jpg,https://clubportal.englandhockey.co.uk/uploads/clubcrests/204993/Hampstead_&_Westminster_HC_1725291926.jpg,Latymer Upper School,Completed
2024-2025,LONDON HOCKEY LEAGUE WOMENS,London Women's Premier Division,2025-01-18,Southgate W2,Tulse Hill & Dulwich W1,1,1,https://clubportal.englandhockey.co.uk/uploads/clubcrests/204919/Southgate_HC_1693241053.png,https://clubportal.englandhockey.co.uk/uploads/clubcrests/205975/Tulse_Hill_&_Dulwich_HC_1696366449.png,Southgate Hockey Centre Pitch 1,Completed
2024-2025,LONDON HOCKEY LEAGUE WOMENS,London Women's Premier Division,2025-01-18,Wimbledon W3,Barnes W2,2,3,https://clubportal.englandhockey.co.uk/uploads/clubcrests/205025/Wimbledon_HC_1669065719.jpg,https://clubportal.englandhockey.co.uk/uploads/clubcrests/205301/Barnes_HC_1689063858.png,Raynes Park High School,Completed
2024-2025,LONDON HOCKEY LEAGUE WOMENS,London Women's Premier Division,2025-01-18,Surbiton W3,Old Cranleighan W1,1,1,https://clubportal.englandhockey.co.uk/uploads/clubcrests/204931/Surbiton_HC_1695094895.jpg,https://clubportal.englandhockey.co.uk/uploads/clubcrests/204967/Old_Cranleighan_HC_1696437204.png,Surbiton HC - Pitch 1,Completed
2024-2025,LONDON HOCKEY LEAGUE WOMENS,London Women's Premier Division,2025-01-25,London Wayfarers W2,Southgate W2,1,3,https://clubportal.englandhockey.co.uk/uploads/clubcrests/204951/London_Wayfarers_HC_1665133628.png,https://clubportal.englandhockey.co.uk/uploads/clubcrests/204919/Southgate_HC_1693241053.png,Kings House Sports Ground,Completed
2024-2025,LONDON HOCKEY LEAGUE WOMENS,London Women's Premier Division,2025-01-25,Tulse Hill & Dulwich W1,Wanderers W1,7,1,https://clubportal.englandhockey.co.uk/uploads/clubcrests/205975/Tulse_Hill_&_Dulwich_HC_1696366449.png,https://clubportal.englandhockey.co.uk/uploads/clubcrests/206663/Wanderers_HC_1697184265.png,Alleyns School,Completed
2024-2025,LONDON HOCKEY LEAGUE WOMENS,London Women's Premier Division,2025-01-25,Surbiton Sparks,Surbiton W3,5,3,https://clubportal.englandhockey.co.uk/uploads/clubcrests/204931/Surbiton_HC_1695094895.jpg,https://clubportal.englandhockey.co.uk/uploads/clubcrests/204931/Surbiton_HC_1695094895.jpg,Surbiton HC - Pitch 1,Completed
2024-2025,LONDON HOCKEY LEAGUE WOMENS,London Women's Premier Division,2025-01-25,Barnes W2,PHC Chiswick W1,5,0,https://clubportal.englandhockey.co.uk/uploads/clubcrests/205301/Barnes_HC_1689063858.png,https://clubportal.englandhockey.co.uk/uploads/clubcrests/205083/PHC_Chiswick_HC_1693069911.jpg,Dukes Meadow pitch,Completed
2024-2025,LONDON HOCKEY LEAGUE WOMENS,London Women's Premier Division,2025-01-25,Hampstead & Westminster W3,West Hampstead W1,4,2,https://clubportal.englandhockey.co.uk/uploads/clubcrests/204993/Hampstead_&_Westminster_HC_1725291926.jpg,https://clubportal.englandhockey.co.uk/uploads/clubcrests/204991/West_Hampstead_HC_1693917045.png,Mill Hill School,Completed
2024-2025,LONDON HOCKEY LEAGUE WOMENS,London Women's Premier Division,2025-01-25,Old Cranleighan W1,Wimbledon W3,0,0,https://clubportal.englandhockey.co.uk/uploads/clubcrests/204967/Old_Cranleighan_HC_1696437204.png,https://clubportal.englandhockey.co.uk/uploads/clubcrests/205025/Wimbledon_HC_1669065719.jpg,Old Cranleighan Sports Club,Completed
2024-2025,LONDON HOCKEY LEAGUE WOMENS,London Women's Premier Division,2025-02-01,Hampstead & Westminster W3,Barnes W2,0,4,https://clubportal.englandhockey.co.uk/uploads/clubcrests/204993/Hampstead_&_Westminster_HC_1725291926.jpg,https://clubportal.englandhockey.co.uk/uploads/clubcrests/205301/Barnes_HC_1689063858.png,Paddington Recreation Ground,Completed
2024-2025,LONDON HOCKEY LEAGUE WOMENS,London Women's Premier Division,2025-02-01,Wanderers W1,London Wayfarers W2,2,2,https://clubportal.englandhockey.co.uk/uploads/clubcrests/206663/Wanderers_HC_1697184265.png,https://clubportal.englandhockey.co.uk/uploads/clubcrests/204951/London_Wayfarers_HC_1665133628.png,Kennington Park,Completed
2024-2025,LONDON HOCKEY LEAGUE WOMENS,London Women's Premier Division,2025-02-01,Surbiton W3,Tulse Hill & Dulwich W1,1,1,https://clubportal.englandhockey.co.uk/uploads/clubcrests/204931/Surbiton_HC_1695094895.jpg,https://clubportal.englandhockey.co.uk/uploads/clubcrests/205975/Tulse_Hill_&_Dulwich_HC_1696366449.png,Surbiton HC - Pitch 2,Completed
2024-2025,LONDON HOCKEY LEAGUE WOMENS,London Women's Premier Division,2025-02-01,West Hampstead W1,Southgate W2,0,3,https://clubportal.englandhockey.co.uk/uploads/clubcrests/204991/West_Hampstead_HC_1693917045.png,https://clubportal.englandhockey.co.uk/uploads/clubcrests/204919/Southgate_HC_1693241053.png,Whitefields School - Pitch 1,Completed
2024-2025,LONDON HOCKEY LEAGUE WOMENS,London Women's Premier Division,2025-02-01,Surbiton Sparks,Wimbledon W3,5,0,https://clubportal.englandhockey.co.uk/uploads/clubcrests/204931/Surbiton_HC_1695094895.jpg,https://clubportal.englandhockey.co.uk/uploads/clubcrests/205025/Wimbledon_HC_1669065719.jpg,Surbiton HC - Pitch 2,Completed
2024-2025,LONDON HOCKEY LEAGUE WOMENS,London Women's Premier Division,2025-02-01,PHC Chiswick W1,Old Cranleighan W1,3,1,https://clubportal.englandhockey.co.uk/uploads/clubcrests/205083/PHC_Chiswick_HC_1693069911.jpg,https://clubportal.englandhockey.co.uk/uploads/clubcrests/204967/Old_Cranleighan_HC_1696437204.png,Latymer Upper School,Completed
2024-2025,LONDON HOCKEY LEAGUE WOMENS,London Women's Premier Division,2025-02-08,West Hampstead W1,Wanderers W1,2,3,https://clubportal.englandhockey.co.uk/uploads/clubcrests/204991/West_Hampstead_HC_1693917045.png,https://clubportal.englandhockey.co.uk/uploads/clubcrests/206663/Wanderers_HC_1697184265.png,Whitefields School - Pitch 1,Completed
2024-2025,LONDON HOCKEY LEAGUE WOMENS,London Women's Premier Division,2025-02-08,Tulse Hill & Dulwich W1,Wimbledon W3,2,0,https://clubportal.englandhockey.co.uk/uploads/clubcrests/205975/Tulse_Hill_&_Dulwich_HC_1696366449.png,https://clubportal.englandhockey.co.uk/uploads/clubcrests/205025/Wimbledon_HC_1669065719.jpg,Alleyns School,Completed
2024-2025,LONDON HOCKEY LEAGUE WOMENS,London Women's Premier Division,2025-02-08,London Wayfarers W2,Surbiton W3,3,2,https://clubportal.englandhockey.co.uk/uploads/clubcrests/204951/London_Wayfarers_HC_1665133628.png,https://clubportal.englandhockey.co.uk/uploads/clubcrests/204931/Surbiton_HC_1695094895.jpg,Kings House Sports Ground,Completed
2024-2025,LONDON HOCKEY LEAGUE WOMENS,London Women's Premier Division,2025-02-08,Surbiton Sparks,PHC Chiswick W1,6,0,https://clubportal.englandhockey.co.uk/uploads/clubcrests/204931/Surbiton_HC_1695094895.jpg,https://clubportal.englandhockey.co.uk/uploads/clubcrests/205083/PHC_Chiswick_HC_1693069911.jpg,Surbiton HC - Pitch 2,Completed
2024-2025,LONDON HOCKEY LEAGUE WOMENS,London Women's Premier Division,2025-02-08,Southgate W2,Hampstead & Westminster W3,2,1,https://clubportal.englandhockey.co.uk/uploads/clubcrests/204919/Southgate_HC_1693241053.png,https://clubportal.englandhockey.co.uk/uploads/clubcrests/204993/Hampstead_&_Westminster_HC_1725291926.jpg,Southgate Hockey Centre Pitch 1,Completed
2024-2025,LONDON HOCKEY LEAGUE WOMENS,London Women's Premier Division,2025-02-08,Old Cranleighan W1,Barnes W2,3,5,https://clubportal.englandhockey.co.uk/uploads/clubcrests/204967/Old_Cranleighan_HC_1696437204.png,https://clubportal.englandhockey.co.uk/uploads/clubcrests/205301/Barnes_HC_1689063858.png,Old Cranleighan Sports Club,Completed
2024-2025,LONDON HOCKEY LEAGUE WOMENS,London Women's Premier Division,2025-02-22,Hampstead & Westminster W3,Old Cranleighan W1,2,1,https://clubportal.englandhockey.co.uk/uploads/clubcrests/204993/Hampstead_&_Westminster_HC_1725291926.jpg,https://clubportal.englandhockey.co.uk/uploads/clubcrests/204967/Old_Cranleighan_HC_1696437204.png,Paddington Recreation Ground,Completed
2024-2025,LONDON HOCKEY LEAGUE WOMENS,London Women's Premier Division,2025-02-22,Surbiton W3,West Hampstead W1,1,1,https://clubportal.englandhockey.co.uk/uploads/clubcrests/204931/Surbiton_HC_1695094895.jpg,https://clubportal.englandhockey.co.uk/uploads/clubcrests/204991/West_Hampstead_HC_1693917045.png,Surbiton HC - Pitch 2,Completed
2024-2025,LONDON HOCKEY LEAGUE WOMENS,London Women's Premier Division,2025-02-22,Barnes W2,Surbiton Sparks,6,3,https://clubportal.englandhockey.co.uk/uploads/clubcrests/205301/Barnes_HC_1689063858.png,https://clubportal.englandhockey.co.uk/uploads/clubcrests/204931/Surbiton_HC_1695094895.jpg,Dukes Meadow pitch,Completed
2024-2025,LONDON HOCKEY LEAGUE WOMENS,London Women's Premier Division,2025-02-22,Wimbledon W3,London Wayfarers W2,1,1,https://clubportal.englandhockey.co.uk/uploads/clubcrests/205025/Wimbledon_HC_1669065719.jpg,https://clubportal.englandhockey.co.uk/uploads/clubcrests/204951/London_Wayfarers_HC_1665133628.png,Raynes Park High School,Completed
2024-2025,LONDON HOCKEY LEAGUE WOMENS,London Women's Premier Division,2025-02-22,PHC Chiswick W1,Tulse Hill & Dulwich W1,1,2,https://clubportal.englandhockey.co.uk/uploads/clubcrests/205083/PHC_Chiswick_HC_1693069911.jpg,https://clubportal.englandhockey.co.uk/uploads/clubcrests/205975/Tulse_Hill_&_Dulwich_HC_1696366449.png,Latymer Upper School,Completed
2024-2025,LONDON HOCKEY LEAGUE WOMENS,London Women's Premier Division,2025-02-22,Wanderers W1,Southgate W2,2,1,https://clubportal.englandhockey.co.uk/uploads/clubcrests/206663/Wanderers_HC_1697184265.png,https://clubportal.englandhockey.co.uk/uploads/clubcrests/204919/Southgate_HC_1693241053.png,Battersea Park - Far Pitch,Completed
2024-2025,LONDON HOCKEY LEAGUE WOMENS,London Women's Premier Division,2025-03-01,London Wayfarers W2,PHC Chiswick W1,2,0,https://clubportal.englandhockey.co.uk/uploads/clubcrests/204951/London_Wayfarers_HC_1665133628.png,https://clubportal.englandhockey.co.uk/uploads/clubcrests/205083/PHC_Chiswick_HC_1693069911.jpg,Kings House Sports Ground,Completed
2024-2025,LONDON HOCKEY LEAGUE WOMENS,London Women's Premier Division,2025-03-01,Wanderers W1,Hampstead & Westminster W3,2,3,https://clubportal.englandhockey.co.uk/uploads/clubcrests/206663/Wanderers_HC_1697184265.png,https://clubportal.englandhockey.co.uk/uploads/clubcrests/204993/Hampstead_&_Westminster_HC_1725291926.jpg,Kennington Park,Completed
2024-2025,LONDON HOCKEY LEAGUE WOMENS,London Women's Premier Division,2025-03-01,West Hampstead W1,Wimbledon W3,5,0,https://clubportal.englandhockey.co.uk/uploads/clubcrests/204991/West_Hampstead_HC_1693917045.png,https://clubportal.englandhockey.co.uk/uploads/clubcrests/205025/Wimbledon_HC_1669065719.jpg,Whitefields School - Pitch 1,Completed
2024-2025,LONDON HOCKEY LEAGUE WOMENS,London Women's Premier Division,2025-03-01,Tulse Hill & Dulwich W1,Barnes W2,1,2,https://clubportal.englandhockey.co.uk/uploads/clubcrests/205975/Tulse_Hill_&_Dulwich_HC_1696366449.png,https://clubportal.englandhockey.co.uk/uploads/clubcrests/205301/Barnes_HC_1689063858.png,Alleyns School,Completed
2024-2025,LONDON HOCKEY LEAGUE WOMENS,London Women's Premier Division,2025-03-01,Surbiton Sparks,Old Cranleighan W1,6,5,https://clubportal.englandhockey.co.uk/uploads/clubcrests/204931/Surbiton_HC_1695094895.jpg,https://clubportal.englandhockey.co.uk/uploads/clubcrests/204967/Old_Cranleighan_HC_1696437204.png,Surbiton HC - Pitch 1,Completed
2024-2025,LONDON HOCKEY LEAGUE WOMENS,London Women's Premier Division,2025-03-01,Southgate W2,Surbiton W3,3,0,https://clubportal.englandhockey.co.uk/uploads/clubcrests/204919/Southgate_HC_1693241053.png,https://clubportal.englandhockey.co.uk/uploads/clubcrests/204931/Surbiton_HC_1695094895.jpg,Southgate Hockey Centre Pitch 1,Completed
2024-2025,LONDON HOCKEY LEAGUE WOMENS,London Women's Premier Division,2025-03-08,Barnes W2,London Wayfarers W2,2,1,https://clubportal.englandhockey.co.uk/uploads/clubcrests/205301/Barnes_HC_1689063858.png,https://clubportal.englandhockey.co.uk/uploads/clubcrests/204951/London_Wayfarers_HC_1665133628.png,Dukes Meadow pitch,Completed
2024-2025,LONDON HOCKEY LEAGUE WOMENS,London Women's Premier Division,2025-03-08,Surbiton W3,Wanderers W1,1,2,https://clubportal.englandhockey.co.uk/uploads/clubcrests/204931/Surbiton_HC_1695094895.jpg,https://clubportal.englandhockey.co.uk/uploads/clubcrests/206663/Wanderers_HC_1697184265.png,Surbiton HC - Pitch 1,Completed
2024-2025,LONDON HOCKEY LEAGUE WOMENS,London Women's Premier Division,2025-03-08,Wimbledon W3,Southgate W2,1,3,https://clubportal.englandhockey.co.uk/uploads/clubcrests/205025/Wimbledon_HC_1669065719.jpg,https://clubportal.englandhockey.co.uk/uploads/clubcrests/204919/Southgate_HC_1693241053.png,Raynes Park High School,Completed
2024-2025,LONDON HOCKEY LEAGUE WOMENS,London Women's Premier Division,2025-03-08,Old Cranleighan W1,Tulse Hill & Dulwich W1,3,2,https://clubportal.englandhockey.co.uk/uploads/clubcrests/204967/Old_Cranleighan_HC_1696437204.png,https://clubportal.englandhockey.co.uk/uploads/clubcrests/205975/Tulse_Hill_&_Dulwich_HC_1696366449.png,Old Cranleighan Sports Club,Completed
2024-2025,LONDON HOCKEY LEAGUE WOMENS,London Women's Premier Division,2025-03-08,PHC Chiswick W1,West Hampstead W1,1,2,https://clubportal.englandhockey.co.uk/uploads/clubcrests/205083/PHC_Chiswick_HC_1693069911.jpg,https://clubportal.englandhockey.co.uk/uploads/clubcrests/204991/West_Hampstead_HC_1693917045.png,Latymer Upper School,Completed
2024-2025,LONDON HOCKEY LEAGUE WOMENS,London Women's Premier Division,2025-03-08,Hampstead & Westminster W3,Surbiton Sparks,3,2,https://clubportal.englandhockey.co.uk/uploads/clubcrests/204993/Hampstead_&_Westminster_HC_1725291926.jpg,https://clubportal.englandhockey.co.uk/uploads/clubcrests/204931/Surbiton_HC_1695094895.jpg,Mill Hill School,Completed
2024-2025,LONDON HOCKEY LEAGUE WOMENS,London Women's Premier Division,2025-03-22,Barnes W2,Southgate W2,,,https://clubportal.englandhockey.co.uk/uploads/clubcrests/205301/Barnes_HC_1689063858.png,https://clubportal.englandhockey.co.uk/uploads/clubcrests/204919/Southgate_HC_1693241053.png,Dukes Meadow pitch,11:30
2024-2025,LONDON HOCKEY LEAGUE WOMENS,London Women's Premier Division,2025-03-22,Hampstead & Westminster W3,Tulse Hill & Dulwich W1,,,https://clubportal.englandhockey.co.uk/uploads/clubcrests/204993/Hampstead_&_Westminster_HC_1725291926.jpg,https://clubportal.englandhockey.co.uk/uploads/clubcrests/205975/Tulse_Hill_&_Dulwich_HC_1696366449.png,Paddington Recreation Ground,11:45
2024-2025,LONDON HOCKEY LEAGUE WOMENS,London Women's Premier Division,2025-03-22,Wimbledon W3,Surbiton W3,,,https://clubportal.englandhockey.co.uk/uploads/clubcrests/205025/Wimbledon_HC_1669065719.jpg,https://clubportal.englandhockey.co.uk/uploads/clubcrests/204931/Surbiton_HC_1695094895.jpg,Raynes Park High School,14:10
2024-2025,LONDON HOCKEY LEAGUE WOMENS,London Women's Premier Division,2025-03-22,Old Cranleighan W1,West Hampstead W1,,,https://clubportal.englandhockey.co.uk/uploads/clubcrests/204967/Old_Cranleighan_HC_1696437204.png,https://clubportal.englandhockey.co.uk/uploads/clubcrests/204991/West_Hampstead_HC_1693917045.png,Old Cranleighan Sports Club,14:30
2024-2025,LONDON HOCKEY LEAGUE WOMENS,London Women's Premier Division,2025-03-22,PHC Chiswick W1,Wanderers W1,,,https://clubportal.englandhockey.co.uk/uploads/clubcrests/205083/PHC_Chiswick_HC_1693069911.jpg,https://clubportal.englandhockey.co.uk/uploads/clubcrests/206663/Wanderers_HC_1697184265.png,Latymer Upper School,14:30
2024-2025,LONDON HOCKEY LEAGUE WOMENS,London Women's Premier Division,2025-03-22,Surbiton Sparks,London Wayfarers W2,,,https://clubportal.englandhockey.co.uk/uploads/clubcrests/204931/Surbiton_HC_1695094895.jpg,https://clubportal.englandhockey.co.uk/uploads/clubcrests/204951/London_Wayfarers_HC_1665133628.png,Surbiton HC - Pitch 1,16:00
2024-2025,LONDON HOCKEY LEAGUE WOMENS,London Women's Premier Division,2025-03-29,Wimbledon W3,Hampstead & Westminster W3,,,https://clubportal.englandhockey.co.uk/uploads/clubcrests/205025/Wimbledon_HC_1669065719.jpg,https://clubportal.englandhockey.co.uk/uploads/clubcrests/204993/Hampstead_&_Westminster_HC_1725291926.jpg,Raynes Park High School,12:00
2024-2025,LONDON HOCKEY LEAGUE WOMENS,London Women's Premier Division,2025-03-29,London Wayfarers W2,Tulse Hill & Dulwich W1,,,https://clubportal.englandhockey.co.uk/uploads/clubcrests/204951/London_Wayfarers_HC_1665133628.png,https://clubportal.englandhockey.co.uk/uploads/clubcrests/205975/Tulse_Hill_&_Dulwich_HC_1696366449.png,Kings House Sports Ground,12:00
2024-2025,LONDON HOCKEY LEAGUE WOMENS,London Women's Premier Division,2025-03-29,Surbiton Sparks,West Hampstead W1,,,https://clubportal.englandhockey.co.uk/uploads/clubcrests/204931/Surbiton_HC_1695094895.jpg,https://clubportal.englandhockey.co.uk/uploads/clubcrests/204991/West_Hampstead_HC_1693917045.png,Surbiton High School,13:30
2024-2025,LONDON HOCKEY LEAGUE WOMENS,London Women's Premier Division,2025-03-29,Wanderers W1,Barnes W2,,,https://clubportal.englandhockey.co.uk/uploads/clubcrests/206663/Wanderers_HC_1697184265.png,https://clubportal.englandhockey.co.uk/uploads/clubcrests/205301/Barnes_HC_1689063858.png,Kennington Park,13:30
2024-2025,LONDON HOCKEY LEAGUE WOMENS,London Women's Premier Division,2025-03-29,Surbiton W3,PHC Chiswick W1,,,https://clubportal.englandhockey.co.uk/uploads/clubcrests/204931/Surbiton_HC_1695094895.jpg,https://clubportal.englandhockey.co.uk/uploads/clubcrests/205083/PHC_Chiswick_HC_1693069911.jpg,Surbiton HC - Pitch 2,14:15
2024-2025,LONDON HOCKEY LEAGUE WOMENS,London Women's Premier Division,2025-03-29,Southgate W2,Old Cranleighan W1,,,https://clubportal.englandhockey.co.uk/uploads/clubcrests/204919/Southgate_HC_1693241053.png,https://clubportal.englandhockey.co.uk/uploads/clubcrests/204967/Old_Cranleighan_HC_1696437204.png,Southgate Hockey Centre Pitch 1,15:30
2024-2025,LONDON HOCKEY LEAGUE WOMENS,London Women's Premier Division,2025-04-05,Old Cranleighan W1,Wanderers W1,,,https://clubportal.englandhockey.co.uk/uploads/clubcrests/204967/Old_Cranleighan_HC_1696437204.png,https://clubportal.englandhockey.co.uk/uploads/clubcrests/206663/Wanderers_HC_1697184265.png,Old Cranleighan Sports Club,11:30
2024-2025,LONDON HOCKEY LEAGUE WOMENS,London Women's Premier Division,2025-04-05,Hampstead & Westminster W3,London Wayfarers W2,,,https://clubportal.englandhockey.co.uk/uploads/clubcrests/204993/Hampstead_&_Westminster_HC_1725291926.jpg,https://clubportal.englandhockey.co.uk/uploads/clubcrests/204951/London_Wayfarers_HC_1665133628.png,Paddington Recreation Ground,12:00
2024-2025,LONDON HOCKEY LEAGUE WOMENS,London Women's Premier Division,2025-04-05,Tulse Hill & Dulwich W1,West Hampstead W1,,,https://clubportal.englandhockey.co.uk/uploads/clubcrests/205975/Tulse_Hill_&_Dulwich_HC_1696366449.png,https://clubportal.englandhockey.co.uk/uploads/clubcrests/204991/West_Hampstead_HC_1693917045.png,Dulwich College - Pitch 1,12:15
2024-2025,LONDON HOCKEY LEAGUE WOMENS,London Women's Premier Division,2025-04-05,Barnes W2,Surbiton W3,,,https://clubportal.englandhockey.co.uk/uploads/clubcrests/205301/Barnes_HC_1689063858.png,https://clubportal.englandhockey.co.uk/uploads/clubcrests/204931/Surbiton_HC_1695094895.jpg,Dukes Meadow pitch,13:00
2024-2025,LONDON HOCKEY LEAGUE WOMENS,London Women's Premier Division,2025-04-05,Surbiton Sparks,Southgate W2,,,https://clubportal.englandhockey.co.uk/uploads/clubcrests/204931/Surbiton_HC_1695094895.jpg,https://clubportal.englandhockey.co.uk/uploads/clubcrests/204919/Southgate_HC_1693241053.png,Surbiton HC - Pitch 1,14:30
2024-2025,LONDON HOCKEY LEAGUE WOMENS,London Women's Premier Division,2025-04-05,PHC Chiswick W1,Wimbledon W3,,,https://clubportal.englandhockey.co.uk/uploads/clubcrests/205083/PHC_Chiswick_HC_1693069911.jpg,https://clubportal.englandhockey.co.uk/uploads/clubcrests/205025/Wimbledon_HC_1669065719.jpg,Latymer Upper School,14:30
2023-2024,LONDON HOCKEY LEAGUE WOMENS,London Women's Premier Division,2024-04-06,Wimbledon W3,Wapping W1,2,5,https://clubportal.englandhockey.co.uk/uploads/clubcrests/205025/Wimbledon_HC_1669065719.jpg,https://clubportal.englandhockey.co.uk/uploads/clubcrests/205945/Wapping_HC_1692903614.png,Raynes Park High School,Completed
2023-2024,LONDON HOCKEY LEAGUE WOMENS,London Women's Premier Division,2024-04-06,Tulse Hill & Dulwich W1,West Herts W1,2,0,https://clubportal.englandhockey.co.uk/uploads/clubcrests/205975/Tulse_Hill_&_Dulwich_HC_1696366449.png,https://clubportal.englandhockey.co.uk/uploads/clubcrests/205091/West_Herts_HC_1695230364.jpg,Dulwich College - Pitch 1,Completed
2023-2024,LONDON HOCKEY LEAGUE WOMENS,London Women's Premier Division,2024-04-06,Hampstead & Westminster W3,Southgate W2,3,5,https://clubportal.englandhockey.co.uk/uploads/clubcrests/204993/Hampstead_&_Westminster_HC_1725291926.jpg,https://clubportal.englandhockey.co.uk/uploads/clubcrests/204919/Southgate_HC_1693241053.png,Paddington Recreation Ground,Completed
2023-2024,LONDON HOCKEY LEAGUE WOMENS,London Women's Premier Division,2024-04-06,PHC Chiswick W1,Barnes W2,2,6,https://clubportal.englandhockey.co.uk/uploads/clubcrests/205083/PHC_Chiswick_HC_1693069911.jpg,https://clubportal.englandhockey.co.uk/uploads/clubcrests/205301/Barnes_HC_1689063858.png,Latymer Upper School,Completed
2023-2024,LONDON HOCKEY LEAGUE WOMENS,London Women's Premier Division,2024-04-06,Wanderers W1,Surbiton Sparks,2,7,https://clubportal.englandhockey.co.uk/uploads/clubcrests/206663/Wanderers_HC_1697184265.png,https://clubportal.englandhockey.co.uk/uploads/clubcrests/204931/Surbiton_HC_1695094895.jpg,Battersea Park - Far Pitch,Completed
2023-2024,LONDON HOCKEY LEAGUE WOMENS,London Women's Premier Division,2024-04-06,Old Cranleighan W1,London Wayfarers W2,1,5,https://clubportal.englandhockey.co.uk/uploads/clubcrests/204967/Old_Cranleighan_HC_1696437204.png,https://clubportal.englandhockey.co.uk/uploads/clubcrests/204951/London_Wayfarers_HC_1665133628.png,Old Cranleighan Sports Club,Completed
2023-2024,LONDON HOCKEY LEAGUE WOMENS,London Women's Premier Division,2023-09-23,Wimbledon W3,Barnes W2,2,3,https://clubportal.englandhockey.co.uk/uploads/clubcrests/205025/Wimbledon_HC_1669065719.jpg,https://clubportal.englandhockey.co.uk/uploads/clubcrests/205301/Barnes_HC_1689063858.png,Raynes Park High School,Completed
2023-2024,LONDON HOCKEY LEAGUE WOMENS,London Women's Premier Division,2023-09-23,Tulse Hill & Dulwich W1,Surbiton Sparks,0,0,https://clubportal.englandhockey.co.uk/uploads/clubcrests/205975/Tulse_Hill_&_Dulwich_HC_1696366449.png,https://clubportal.englandhockey.co.uk/uploads/clubcrests/204931/Surbiton_HC_1695094895.jpg,Dulwich College - Pitch 1,Completed
2023-2024,LONDON HOCKEY LEAGUE WOMENS,London Women's Premier Division,2023-09-23,Wanderers W1,Wapping W1,0,2,https://clubportal.englandhockey.co.uk/uploads/clubcrests/206663/Wanderers_HC_1697184265.png,https://clubportal.englandhockey.co.uk/uploads/clubcrests/205945/Wapping_HC_1692903614.png,Battersea Park - Far Pitch,Completed
2023-2024,LONDON HOCKEY LEAGUE WOMENS,London Women's Premier Division,2023-09-23,Old Cranleighan W1,Hampstead & Westminster W3,2,3,https://clubportal.englandhockey.co.uk/uploads/clubcrests/204967/Old_Cranleighan_HC_1696437204.png,https://clubportal.englandhockey.co.uk/uploads/clubcrests/204993/Hampstead_&_Westminster_HC_1725291926.jpg,Old Cranleighan Sports Club,Completed
2023-2024,LONDON HOCKEY LEAGUE WOMENS,London Women's Premier Division,2023-09-23,PHC Chiswick W1,Southgate W2,0,2,https://clubportal.englandhockey.co.uk/uploads/clubcrests/205083/PHC_Chiswick_HC_1693069911.jpg,https://clubportal.englandhockey.co.uk/uploads/clubcrests/204919/Southgate_HC_1693241053.png,Latymer Upper School,Completed
2023-2024,LONDON HOCKEY LEAGUE WOMENS,London Women's Premier Division,2023-09-23,London Wayfarers W2,West Herts W1,4,0,https://clubportal.englandhockey.co.uk/uploads/clubcrests/204951/London_Wayfarers_HC_1665133628.png,https://clubportal.englandhockey.co.uk/uploads/clubcrests/205091/West_Herts_HC_1695230364.jpg,Bank of England Sports Centre,Completed
2023-2024,LONDON HOCKEY LEAGUE WOMENS,London Women's Premier Division,2023-09-30,Hampstead & Westminster W3,PHC Chiswick W1,3,2,https://clubportal.englandhockey.co.uk/uploads/clubcrests/204993/Hampstead_&_Westminster_HC_1725291926.jpg,https://clubportal.englandhockey.co.uk/uploads/clubcrests/205083/PHC_Chiswick_HC_1693069911.jpg,Paddington Recreation Ground,Completed
2023-2024,LONDON HOCKEY LEAGUE WOMENS,London Women's Premier Division,2023-09-30,Barnes W2,Wanderers W1,3,1,https://clubportal.englandhockey.co.uk/uploads/clubcrests/205301/Barnes_HC_1689063858.png,https://clubportal.englandhockey.co.uk/uploads/clubcrests/206663/Wanderers_HC_1697184265.png,Dukes Meadow pitch,Completed
2023-2024,LONDON HOCKEY LEAGUE WOMENS,London Women's Premier Division,2023-09-30,Southgate W2,Wimbledon W3,2,1,https://clubportal.englandhockey.co.uk/uploads/clubcrests/204919/Southgate_HC_1693241053.png,https://clubportal.englandhockey.co.uk/uploads/clubcrests/205025/Wimbledon_HC_1669065719.jpg,Southgate Hockey Centre Pitch 1,Completed
2023-2024,LONDON HOCKEY LEAGUE WOMENS,London Women's Premier Division,2023-09-30,West Herts W1,Old Cranleighan W1,1,3,https://clubportal.englandhockey.co.uk/uploads/clubcrests/205091/West_Herts_HC_1695230364.jpg,https://clubportal.englandhockey.co.uk/uploads/clubcrests/204967/Old_Cranleighan_HC_1696437204.png,New Field,Completed
2023-2024,LONDON HOCKEY LEAGUE WOMENS,London Women's Premier Division,2023-09-30,Surbiton Sparks,London Wayfarers W2,3,1,https://clubportal.englandhockey.co.uk/uploads/clubcrests/204931/Surbiton_HC_1695094895.jpg,https://clubportal.englandhockey.co.uk/uploads/clubcrests/204951/London_Wayfarers_HC_1665133628.png,Surbiton HC - Pitch 2,Completed
2023-2024,LONDON HOCKEY LEAGUE WOMENS,London Women's Premier Division,2023-09-30,Wapping W1,Tulse Hill & Dulwich W1,1,0,https://clubportal.englandhockey.co.uk/uploads/clubcrests/205945/Wapping_HC_1692903614.png,https://clubportal.englandhockey.co.uk/uploads/clubcrests/205975/Tulse_Hill_&_Dulwich_HC_1696366449.png,Lee Valley Hockey and Tennis Centre - Pitch 1,Completed
2023-2024,LONDON HOCKEY LEAGUE WOMENS,London Women's Premier Division,2023-10-07,Wimbledon W3,Hampstead & Westminster W3,2,1,https://clubportal.englandhockey.co.uk/uploads/clubcrests/205025/Wimbledon_HC_1669065719.jpg,https://clubportal.englandhockey.co.uk/uploads/clubcrests/204993/Hampstead_&_Westminster_HC_1725291926.jpg,Raynes Park High School,Completed
2023-2024,LONDON HOCKEY LEAGUE WOMENS,London Women's Premier Division,2023-10-07,PHC Chiswick W1,Old Cranleighan W1,2,1,https://clubportal.englandhockey.co.uk/uploads/clubcrests/205083/PHC_Chiswick_HC_1693069911.jpg,https://clubportal.englandhockey.co.uk/uploads/clubcrests/204967/Old_Cranleighan_HC_1696437204.png,Liverpool Victoria Sports Ground,Completed
2023-2024,LONDON HOCKEY LEAGUE WOMENS,London Women's Premier Division,2023-10-07,Tulse Hill & Dulwich W1,Barnes W2,2,3,https://clubportal.englandhockey.co.uk/uploads/clubcrests/205975/Tulse_Hill_&_Dulwich_HC_1696366449.png,https://clubportal.englandhockey.co.uk/uploads/clubcrests/205301/Barnes_HC_1689063858.png,Dulwich College - Pitch 1,Completed
2023-2024,LONDON HOCKEY LEAGUE WOMENS,London Women's Premier Division,2023-10-07,West Herts W1,Surbiton Sparks,1,7,https://clubportal.englandhockey.co.uk/uploads/clubcrests/205091/West_Herts_HC_1695230364.jpg,https://clubportal.englandhockey.co.uk/uploads/clubcrests/204931/Surbiton_HC_1695094895.jpg,New Field,Completed
2023-2024,LONDON HOCKEY LEAGUE WOMENS,London Women's Premier Division,2023-10-07,Wanderers W1,Southgate W2,1,2,https://clubportal.englandhockey.co.uk/uploads/clubcrests/206663/Wanderers_HC_1697184265.png,https://clubportal.englandhockey.co.uk/uploads/clubcrests/204919/Southgate_HC_1693241053.png,Battersea Park - Far Pitch,Completed
2023-2024,LONDON HOCKEY LEAGUE WOMENS,London Women's Premier Division,2023-10-07,London Wayfarers W2,Wapping W1,0,1,https://clubportal.englandhockey.co.uk/uploads/clubcrests/204951/London_Wayfarers_HC_1665133628.png,https://clubportal.englandhockey.co.uk/uploads/clubcrests/205945/Wapping_HC_1692903614.png,Kings House Sports Ground,Completed
2023-2024,LONDON HOCKEY LEAGUE WOMENS,London Women's Premier Division,2023-10-14,Wapping W1,West Herts W1,7,0,https://clubportal.englandhockey.co.uk/uploads/clubcrests/205945/Wapping_HC_1692903614.png,https://clubportal.englandhockey.co.uk/uploads/clubcrests/205091/West_Herts_HC_1695230364.jpg,Lee Valley Hockey and Tennis Centre - Pitch 2,Completed
2023-2024,LONDON HOCKEY LEAGUE WOMENS,London Women's Premier Division,2023-10-14,Southgate W2,Tulse Hill & Dulwich W1,1,0,https://clubportal.englandhockey.co.uk/uploads/clubcrests/204919/Southgate_HC_1693241053.png,https://clubportal.englandhockey.co.uk/uploads/clubcrests/205975/Tulse_Hill_&_Dulwich_HC_1696366449.png,Southgate Hockey Centre Pitch 1,Completed
2023-2024,LONDON HOCKEY LEAGUE WOMENS,London Women's Premier Division,2023-10-14,PHC Chiswick W1,Wimbledon W3,3,3,https://clubportal.englandhockey.co.uk/uploads/clubcrests/205083/PHC_Chiswick_HC_1693069911.jpg,https://clubportal.englandhockey.co.uk/uploads/clubcrests/205025/Wimbledon_HC_1669065719.jpg,Liverpool Victoria Sports Ground,Completed
2023-2024,LONDON HOCKEY LEAGUE WOMENS,London Women's Premier Division,2023-10-14,Old Cranleighan W1,Surbiton Sparks,1,5,https://clubportal.englandhockey.co.uk/uploads/clubcrests/204967/Old_Cranleighan_HC_1696437204.png,https://clubportal.englandhockey.co.uk/uploads/clubcrests/204931/Surbiton_HC_1695094895.jpg,Old Cranleighan Sports Club,Completed
2023-2024,LONDON HOCKEY LEAGUE WOMENS,London Women's Premier Division,2023-10-14,Barnes W2,London Wayfarers W2,3,2,https://clubportal.englandhockey.co.uk/uploads/clubcrests/205301/Barnes_HC_1689063858.png,https://clubportal.englandhockey.co.uk/uploads/clubcrests/204951/London_Wayfarers_HC_1665133628.png,Dukes Meadow pitch,Completed
2023-2024,LONDON HOCKEY LEAGUE WOMENS,London Women's Premier Division,2023-10-14,Hampstead & Westminster W3,Wanderers W1,2,1,https://clubportal.englandhockey.co.uk/uploads/clubcrests/204993/Hampstead_&_Westminster_HC_1725291926.jpg,https://clubportal.englandhockey.co.uk/uploads/clubcrests/206663/Wanderers_HC_1697184265.png,Mill Hill School,Completed
2023-2024,LONDON HOCKEY LEAGUE WOMENS,London Women's Premier Division,2023-10-21,Tulse Hill & Dulwich W1,Hampstead & Westminster W3,4,1,https://clubportal.englandhockey.co.uk/uploads/clubcrests/205975/Tulse_Hill_&_Dulwich_HC_1696366449.png,https://clubportal.englandhockey.co.uk/uploads/clubcrests/204993/Hampstead_&_Westminster_HC_1725291926.jpg,Dulwich College - Pitch 1,Completed
2023-2024,LONDON HOCKEY LEAGUE WOMENS,London Women's Premier Division,2023-10-21,Wimbledon W3,Old Cranleighan W1,2,2,https://clubportal.englandhockey.co.uk/uploads/clubcrests/205025/Wimbledon_HC_1669065719.jpg,https://clubportal.englandhockey.co.uk/uploads/clubcrests/204967/Old_Cranleighan_HC_1696437204.png,Raynes Park High School,Completed
2023-2024,LONDON HOCKEY LEAGUE WOMENS,London Women's Premier Division,2023-10-21,Surbiton Sparks,Wapping W1,3,4,https://clubportal.englandhockey.co.uk/uploads/clubcrests/204931/Surbiton_HC_1695094895.jpg,https://clubportal.englandhockey.co.uk/uploads/clubcrests/205945/Wapping_HC_1692903614.png,Surbiton HC - Pitch 2,Completed
2023-2024,LONDON HOCKEY LEAGUE WOMENS,London Women's Premier Division,2023-10-21,West Herts W1,Barnes W2,0,5,https://clubportal.englandhockey.co.uk/uploads/clubcrests/205091/West_Herts_HC_1695230364.jpg,https://clubportal.englandhockey.co.uk/uploads/clubcrests/205301/Barnes_HC_1689063858.png,New Field,Completed
2023-2024,LONDON HOCKEY LEAGUE WOMENS,London Women's Premier Division,2023-10-21,Wanderers W1,PHC Chiswick W1,2,0,https://clubportal.englandhockey.co.uk/uploads/clubcrests/206663/Wanderers_HC_1697184265.png,https://clubportal.englandhockey.co.uk/uploads/clubcrests/205083/PHC_Chiswick_HC_1693069911.jpg,Battersea Park - Far Pitch,Completed
2023-2024,LONDON HOCKEY LEAGUE WOMENS,London Women's Premier Division,2023-10-28,London Wayfarers W2,Southgate W2,2,0,https://clubportal.englandhockey.co.uk/uploads/clubcrests/204951/London_Wayfarers_HC_1665133628.png,https://clubportal.englandhockey.co.uk/uploads/clubcrests/204919/Southgate_HC_1693241053.png,Kings House Sports Ground,Completed
2023-2024,LONDON HOCKEY LEAGUE WOMENS,London Women's Premier Division,2023-11-04,Hampstead & Westminster W3,London Wayfarers W2,0,4,https://clubportal.englandhockey.co.uk/uploads/clubcrests/204993/Hampstead_&_Westminster_HC_1725291926.jpg,https://clubportal.englandhockey.co.uk/uploads/clubcrests/204951/London_Wayfarers_HC_1665133628.png,Paddington Recreation Ground,Completed
2023-2024,LONDON HOCKEY LEAGUE WOMENS,London Women's Premier Division,2023-11-04,PHC Chiswick W1,Tulse Hill & Dulwich W1,0,4,https://clubportal.englandhockey.co.uk/uploads/clubcrests/205083/PHC_Chiswick_HC_1693069911.jpg,https://clubportal.englandhockey.co.uk/uploads/clubcrests/205975/Tulse_Hill_&_Dulwich_HC_1696366449.png,Liverpool Victoria Sports Ground,Completed
2023-2024,LONDON HOCKEY LEAGUE WOMENS,London Women's Premier Division,2023-11-04,Wimbledon W3,Wanderers W1,1,5,https://clubportal.englandhockey.co.uk/uploads/clubcrests/205025/Wimbledon_HC_1669065719.jpg,https://clubportal.englandhockey.co.uk/uploads/clubcrests/206663/Wanderers_HC_1697184265.png,Raynes Park High School,Completed
2023-2024,LONDON HOCKEY LEAGUE WOMENS,London Women's Premier Division,2023-11-04,Southgate W2,West Herts W1,3,0,https://clubportal.englandhockey.co.uk/uploads/clubcrests/204919/Southgate_HC_1693241053.png,https://clubportal.englandhockey.co.uk/uploads/clubcrests/205091/West_Herts_HC_1695230364.jpg,Southgate Hockey Centre Pitch 1,Completed
2023-2024,LONDON HOCKEY LEAGUE WOMENS,London Women's Premier Division,2023-11-04,Old Cranleighan W1,Wapping W1,0,2,https://clubportal.englandhockey.co.uk/uploads/clubcrests/204967/Old_Cranleighan_HC_1696437204.png,https://clubportal.englandhockey.co.uk/uploads/clubcrests/205945/Wapping_HC_1692903614.png,Old Cranleighan Sports Club,Completed
2023-2024,LONDON HOCKEY LEAGUE WOMENS,London Women's Premier Division,2023-11-04,Barnes W2,Surbiton Sparks,0,2,https://clubportal.englandhockey.co.uk/uploads/clubcrests/205301/Barnes_HC_1689063858.png,https://clubportal.englandhockey.co.uk/uploads/clubcrests/204931/Surbiton_HC_1695094895.jpg,Dukes Meadow pitch,Completed
2023-2024,LONDON HOCKEY LEAGUE WOMENS,London Women's Premier Division,2023-11-11,Wanderers W1,Old Cranleighan W1,1,0,https://clubportal.englandhockey.co.uk/uploads/clubcrests/206663/Wanderers_HC_1697184265.png,https://clubportal.englandhockey.co.uk/uploads/clubcrests/204967/Old_Cranleighan_HC_1696437204.png,Battersea Park - Far Pitch,Completed
2023-2024,LONDON HOCKEY LEAGUE WOMENS,London Women's Premier Division,2023-11-11,London Wayfarers W2,PHC Chiswick W1,1,0,https://clubportal.englandhockey.co.uk/uploads/clubcrests/204951/London_Wayfarers_HC_1665133628.png,https://clubportal.englandhockey.co.uk/uploads/clubcrests/205083/PHC_Chiswick_HC_1693069911.jpg,Kings House Sports Ground,Completed
2023-2024,LONDON HOCKEY LEAGUE WOMENS,London Women's Premier Division,2023-11-11,West Herts W1,Hampstead & Westminster W3,2,1,https://clubportal.englandhockey.co.uk/uploads/clubcrests/205091/West_Herts_HC_1695230364.jpg,https://clubportal.englandhockey.co.uk/uploads/clubcrests/204993/Hampstead_&_Westminster_HC_1725291926.jpg,New Field,Completed
2023-2024,LONDON HOCKEY LEAGUE WOMENS,London Women's Premier Division,2023-11-11,Tulse Hill & Dulwich W1,Wimbledon W3,3,1,https://clubportal.englandhockey.co.uk/uploads/clubcrests/205975/Tulse_Hill_&_Dulwich_HC_1696366449.png,https://clubportal.englandhockey.co.uk/uploads/clubcrests/205025/Wimbledon_HC_1669065719.jpg,Dulwich College - Pitch 1,Completed
2023-2024,LONDON HOCKEY LEAGUE WOMENS,London Women's Premier Division,2023-11-11,Surbiton Sparks,Southgate W2,1,0,https://clubportal.englandhockey.co.uk/uploads/clubcrests/204931/Surbiton_HC_1695094895.jpg,https://clubportal.englandhockey.co.uk/uploads/clubcrests/204919/Southgate_HC_1693241053.png,Surbiton HC - Pitch 2,Completed
2023-2024,LONDON HOCKEY LEAGUE WOMENS,London Women's Premier Division,2023-11-11,Wapping W1,Barnes W2,2,1,https://clubportal.englandhockey.co.uk/uploads/clubcrests/205945/Wapping_HC_1692903614.png,https://clubportal.englandhockey.co.uk/uploads/clubcrests/205301/Barnes_HC_1689063858.png,Lee Valley Hockey and Tennis Centre - Pitch 1,Completed
2023-2024,LONDON HOCKEY LEAGUE WOMENS,London Women's Premier Division,2023-11-18,Wimbledon W3,London Wayfarers W2,2,7,https://clubportal.englandhockey.co.uk/uploads/clubcrests/205025/Wimbledon_HC_1669065719.jpg,https://clubportal.englandhockey.co.uk/uploads/clubcrests/204951/London_Wayfarers_HC_1665133628.png,Raynes Park High School,Completed
2023-2024,LONDON HOCKEY LEAGUE WOMENS,London Women's Premier Division,2023-11-18,PHC Chiswick W1,West Herts W1,2,0,https://clubportal.englandhockey.co.uk/uploads/clubcrests/205083/PHC_Chiswick_HC_1693069911.jpg,https://clubportal.englandhockey.co.uk/uploads/clubcrests/205091/West_Herts_HC_1695230364.jpg,Liverpool Victoria Sports Ground,Completed
2023-2024,LONDON HOCKEY LEAGUE WOMENS,London Women's Premier Division,2023-11-18,Southgate W2,Wapping W1,0,2,https://clubportal.englandhockey.co.uk/uploads/clubcrests/204919/Southgate_HC_1693241053.png,https://clubportal.englandhockey.co.uk/uploads/clubcrests/205945/Wapping_HC_1692903614.png,Southgate Hockey Centre Pitch 1,Completed
2023-2024,LONDON HOCKEY LEAGUE WOMENS,London Women's Premier Division,2023-11-18,Old Cranleighan W1,Barnes W2,0,4,https://clubportal.englandhockey.co.uk/uploads/clubcrests/204967/Old_Cranleighan_HC_1696437204.png,https://clubportal.englandhockey.co.uk/uploads/clubcrests/205301/Barnes_HC_1689063858.png,Old Cranleighan Sports Club,Completed
2023-2024,LONDON HOCKEY LEAGUE WOMENS,London Women's Premier Division,2023-11-18,Hampstead & Westminster W3,Surbiton Sparks,2,4,https://clubportal.englandhockey.co.uk/uploads/clubcrests/204993/Hampstead_&_Westminster_HC_1725291926.jpg,https://clubportal.englandhockey.co.uk/uploads/clubcrests/204931/Surbiton_HC_1695094895.jpg,Mill Hill School,Completed
2023-2024,LONDON HOCKEY LEAGUE WOMENS,London Women's Premier Division,2023-11-18,Wanderers W1,Tulse Hill & Dulwich W1,0,2,https://clubportal.englandhockey.co.uk/uploads/clubcrests/206663/Wanderers_HC_1697184265.png,https://clubportal.englandhockey.co.uk/uploads/clubcrests/205975/Tulse_Hill_&_Dulwich_HC_1696366449.png,Battersea Park - Far Pitch,Completed
2023-2024,LONDON HOCKEY LEAGUE WOMENS,London Women's Premier Division,2023-11-25,Wapping W1,Hampstead & Westminster W3,4,1,https://clubportal.englandhockey.co.uk/uploads/clubcrests/205945/Wapping_HC_1692903614.png,https://clubportal.englandhockey.co.uk/uploads/clubcrests/204993/Hampstead_&_Westminster_HC_1725291926.jpg,Lee Valley Hockey and Tennis Centre - Pitch 2,Completed
2023-2024,LONDON HOCKEY LEAGUE WOMENS,London Women's Premier Division,2023-11-25,London Wayfarers W2,Wanderers W1,3,0,https://clubportal.englandhockey.co.uk/uploads/clubcrests/204951/London_Wayfarers_HC_1665133628.png,https://clubportal.englandhockey.co.uk/uploads/clubcrests/206663/Wanderers_HC_1697184265.png,Kings House Sports Ground,Completed
2023-2024,LONDON HOCKEY LEAGUE WOMENS,London Women's Premier Division,2023-11-25,West Herts W1,Wimbledon W3,0,5,https://clubportal.englandhockey.co.uk/uploads/clubcrests/205091/West_Herts_HC_1695230364.jpg,https://clubportal.englandhockey.co.uk/uploads/clubcrests/205025/Wimbledon_HC_1669065719.jpg,New Field,Completed
2023-2024,LONDON HOCKEY LEAGUE WOMENS,London Women's Premier Division,2023-11-25,Tulse Hill & Dulwich W1,Old Cranleighan W1,2,2,https://clubportal.englandhockey.co.uk/uploads/clubcrests/205975/Tulse_Hill_&_Dulwich_HC_1696366449.png,https://clubportal.englandhockey.co.uk/uploads/clubcrests/204967/Old_Cranleighan_HC_1696437204.png,Dulwich College - Pitch 1,Completed
2023-2024,LONDON HOCKEY LEAGUE WOMENS,London Women's Premier Division,2023-11-25,Surbiton Sparks,PHC Chiswick W1,1,0,https://clubportal.englandhockey.co.uk/uploads/clubcrests/204931/Surbiton_HC_1695094895.jpg,https://clubportal.englandhockey.co.uk/uploads/clubcrests/205083/PHC_Chiswick_HC_1693069911.jpg,Surbiton HC - Pitch 1,Completed
2023-2024,LONDON HOCKEY LEAGUE WOMENS,London Women's Premier Division,2023-12-02,Tulse Hill & Dulwich W1,London Wayfarers W2,1,0,https://clubportal.englandhockey.co.uk/uploads/clubcrests/205975/Tulse_Hill_&_Dulwich_HC_1696366449.png,https://clubportal.englandhockey.co.uk/uploads/clubcrests/204951/London_Wayfarers_HC_1665133628.png,Dulwich College - Pitch 1,Completed
2023-2024,LONDON HOCKEY LEAGUE WOMENS,London Women's Premier Division,2023-12-09,Barnes W2,PHC Chiswick W1,5,2,https://clubportal.englandhockey.co.uk/uploads/clubcrests/205301/Barnes_HC_1689063858.png,https://clubportal.englandhockey.co.uk/uploads/clubcrests/205083/PHC_Chiswick_HC_1693069911.jpg,Dukes Meadow pitch,Completed
2023-2024,LONDON HOCKEY LEAGUE WOMENS,London Women's Premier Division,2023-12-09,London Wayfarers W2,Old Cranleighan W1,3,1,https://clubportal.englandhockey.co.uk/uploads/clubcrests/204951/London_Wayfarers_HC_1665133628.png,https://clubportal.englandhockey.co.uk/uploads/clubcrests/204967/Old_Cranleighan_HC_1696437204.png,Kings House Sports Ground,Completed
2023-2024,LONDON HOCKEY LEAGUE WOMENS,London Women's Premier Division,2023-12-09,West Herts W1,Tulse Hill & Dulwich W1,2,5,https://clubportal.englandhockey.co.uk/uploads/clubcrests/205091/West_Herts_HC_1695230364.jpg,https://clubportal.englandhockey.co.uk/uploads/clubcrests/205975/Tulse_Hill_&_Dulwich_HC_1696366449.png,New Field,Completed
2023-2024,LONDON HOCKEY LEAGUE WOMENS,London Women's Premier Division,2023-12-09,Wapping W1,Wimbledon W3,6,0,https://clubportal.englandhockey.co.uk/uploads/clubcrests/205945/Wapping_HC_1692903614.png,https://clubportal.englandhockey.co.uk/uploads/clubcrests/205025/Wimbledon_HC_1669065719.jpg,Lee Valley Hockey and Tennis Centre - Pitch 1,Completed
2023-2024,LONDON HOCKEY LEAGUE WOMENS,London Women's Premier Division,2023-12-09,Surbiton Sparks,Wanderers W1,3,0,https://clubportal.englandhockey.co.uk/uploads/clubcrests/204931/Surbiton_HC_1695094895.jpg,https://clubportal.englandhockey.co.uk/uploads/clubcrests/206663/Wanderers_HC_1697184265.png,Surbiton HC - Pitch 1,Completed
2023-2024,LONDON HOCKEY LEAGUE WOMENS,London Women's Premier Division,2023-12-09,Southgate W2,Hampstead & Westminster W3,4,0,https://clubportal.englandhockey.co.uk/uploads/clubcrests/204919/Southgate_HC_1693241053.png,https://clubportal.englandhockey.co.uk/uploads/clubcrests/204993/Hampstead_&_Westminster_HC_1725291926.jpg,Southgate Hockey Centre Pitch 1,Completed
2023-2024,LONDON HOCKEY LEAGUE WOMENS,London Women's Premier Division,2024-01-06,PHC Chiswick W1,Wapping W1,2,2,https://clubportal.englandhockey.co.uk/uploads/clubcrests/205083/PHC_Chiswick_HC_1693069911.jpg,https://clubportal.englandhockey.co.uk/uploads/clubcrests/205945/Wapping_HC_1692903614.png,Liverpool Victoria Sports Ground,Completed
2023-2024,LONDON HOCKEY LEAGUE WOMENS,London Women's Premier Division,2024-01-06,Barnes W2,Southgate W2,4,2,https://clubportal.englandhockey.co.uk/uploads/clubcrests/205301/Barnes_HC_1689063858.png,https://clubportal.englandhockey.co.uk/uploads/clubcrests/204919/Southgate_HC_1693241053.png,Dukes Meadow pitch,Completed
2023-2024,LONDON HOCKEY LEAGUE WOMENS,London Women's Premier Division,2024-01-06,Wanderers W1,West Herts W1,3,2,https://clubportal.englandhockey.co.uk/uploads/clubcrests/206663/Wanderers_HC_1697184265.png,https://clubportal.englandhockey.co.uk/uploads/clubcrests/205091/West_Herts_HC_1695230364.jpg,Battersea Park - Far Pitch,Completed
2023-2024,LONDON HOCKEY LEAGUE WOMENS,London Women's Premier Division,2024-01-07,Old Cranleighan W1,Southgate W2,0,1,https://clubportal.englandhockey.co.uk/uploads/clubcrests/204967/Old_Cranleighan_HC_1696437204.png,https://clubportal.englandhockey.co.uk/uploads/clubcrests/204919/Southgate_HC_1693241053.png,Old Cranleighan Sports Club,Completed
2023-2024,LONDON HOCKEY LEAGUE WOMENS,London Women's Premier Division,2024-01-13,Hampstead & Westminster W3,Old Cranleighan W1,2,4,https://clubportal.englandhockey.co.uk/uploads/clubcrests/204993/Hampstead_&_Westminster_HC_1725291926.jpg,https://clubportal.englandhockey.co.uk/uploads/clubcrests/204967/Old_Cranleighan_HC_1696437204.png,Paddington Recreation Ground,Completed
2023-2024,LONDON HOCKEY LEAGUE WOMENS,London Women's Premier Division,2024-01-13,West Herts W1,London Wayfarers W2,2,2,https://clubportal.englandhockey.co.uk/uploads/clubcrests/205091/West_Herts_HC_1695230364.jpg,https://clubportal.englandhockey.co.uk/uploads/clubcrests/204951/London_Wayfarers_HC_1665133628.png,New Field,Completed
2023-2024,LONDON HOCKEY LEAGUE WOMENS,London Women's Premier Division,2024-01-13,Surbiton Sparks,Tulse Hill & Dulwich W1,1,2,https://clubportal.englandhockey.co.uk/uploads/clubcrests/204931/Surbiton_HC_1695094895.jpg,https://clubportal.englandhockey.co.uk/uploads/clubcrests/205975/Tulse_Hill_&_Dulwich_HC_1696366449.png,Surbiton HC - Pitch 1,Completed
2023-2024,LONDON HOCKEY LEAGUE WOMENS,London Women's Premier Division,2024-01-13,Wapping W1,Wanderers W1,2,0,https://clubportal.englandhockey.co.uk/uploads/clubcrests/205945/Wapping_HC_1692903614.png,https://clubportal.englandhockey.co.uk/uploads/clubcrests/206663/Wanderers_HC_1697184265.png,Lee Valley Hockey and Tennis Centre - Pitch 1,Completed
2023-2024,LONDON HOCKEY LEAGUE WOMENS,London Women's Premier Division,2024-01-13,Barnes W2,Wimbledon W3,5,1,https://clubportal.englandhockey.co.uk/uploads/clubcrests/205301/Barnes_HC_1689063858.png,https://clubportal.englandhockey.co.uk/uploads/clubcrests/205025/Wimbledon_HC_1669065719.jpg,Dukes Meadow pitch,Completed
2023-2024,LONDON HOCKEY LEAGUE WOMENS,London Women's Premier Division,2024-01-13,Southgate W2,PHC Chiswick W1,2,0,https://clubportal.englandhockey.co.uk/uploads/clubcrests/204919/Southgate_HC_1693241053.png,https://clubportal.englandhockey.co.uk/uploads/clubcrests/205083/PHC_Chiswick_HC_1693069911.jpg,Southgate Hockey Centre Pitch 1,Completed
2023-2024,LONDON HOCKEY LEAGUE WOMENS,London Women's Premier Division,2024-01-20,Wanderers W1,Barnes W2,2,4,https://clubportal.englandhockey.co.uk/uploads/clubcrests/206663/Wanderers_HC_1697184265.png,https://clubportal.englandhockey.co.uk/uploads/clubcrests/205301/Barnes_HC_1689063858.png,Battersea Park - Far Pitch,Completed
2023-2024,LONDON HOCKEY LEAGUE WOMENS,London Women's Premier Division,2024-01-20,Old Cranleighan W1,West Herts W1,0,1,https://clubportal.englandhockey.co.uk/uploads/clubcrests/204967/Old_Cranleighan_HC_1696437204.png,https://clubportal.englandhockey.co.uk/uploads/clubcrests/205091/West_Herts_HC_1695230364.jpg,Old Cranleighan Sports Club,Completed
2023-2024,LONDON HOCKEY LEAGUE WOMENS,London Women's Premier Division,2024-01-20,PHC Chiswick W1,Hampstead & Westminster W3,1,2,https://clubportal.englandhockey.co.uk/uploads/clubcrests/205083/PHC_Chiswick_HC_1693069911.jpg,https://clubportal.englandhockey.co.uk/uploads/clubcrests/204993/Hampstead_&_Westminster_HC_1725291926.jpg,Latymer Upper School,Completed
2023-2024,LONDON HOCKEY LEAGUE WOMENS,London Women's Premier Division,2024-01-20,London Wayfarers W2,Surbiton Sparks,3,3,https://clubportal.englandhockey.co.uk/uploads/clubcrests/204951/London_Wayfarers_HC_1665133628.png,https://clubportal.englandhockey.co.uk/uploads/clubcrests/204931/Surbiton_HC_1695094895.jpg,Kings House Sports Ground,Completed
2023-2024,LONDON HOCKEY LEAGUE WOMENS,London Women's Premier Division,2024-01-20,Tulse Hill & Dulwich W1,Wapping W1,0,1,https://clubportal.englandhockey.co.uk/uploads/clubcrests/205975/Tulse_Hill_&_Dulwich_HC_1696366449.png,https://clubportal.englandhockey.co.uk/uploads/clubcrests/205945/Wapping_HC_1692903614.png,Alleyns School,Completed
2023-2024,LONDON HOCKEY LEAGUE WOMENS,London Women's Premier Division,2024-01-22,Wimbledon W3,Surbiton Sparks,1,6,https://clubportal.englandhockey.co.uk/uploads/clubcrests/205025/Wimbledon_HC_1669065719.jpg,https://clubportal.englandhockey.co.uk/uploads/clubcrests/204931/Surbiton_HC_1695094895.jpg,KCS - Pavilion - Pitch 2,Completed
2023-2024,LONDON HOCKEY LEAGUE WOMENS,London Women's Premier Division,2024-01-27,Wapping W1,London Wayfarers W2,0,0,https://clubportal.englandhockey.co.uk/uploads/clubcrests/205945/Wapping_HC_1692903614.png,https://clubportal.englandhockey.co.uk/uploads/clubcrests/204951/London_Wayfarers_HC_1665133628.png,Lee Valley Hockey and Tennis Centre - Pitch 2,Completed
2023-2024,LONDON HOCKEY LEAGUE WOMENS,London Women's Premier Division,2024-01-27,Hampstead & Westminster W3,Wimbledon W3,2,4,https://clubportal.englandhockey.co.uk/uploads/clubcrests/204993/Hampstead_&_Westminster_HC_1725291926.jpg,https://clubportal.englandhockey.co.uk/uploads/clubcrests/205025/Wimbledon_HC_1669065719.jpg,Paddington Recreation Ground,Completed
2023-2024,LONDON HOCKEY LEAGUE WOMENS,London Women's Premier Division,2024-01-27,Southgate W2,Wanderers W1,2,2,https://clubportal.englandhockey.co.uk/uploads/clubcrests/204919/Southgate_HC_1693241053.png,https://clubportal.englandhockey.co.uk/uploads/clubcrests/206663/Wanderers_HC_1697184265.png,Southgate Hockey Centre Pitch 1,Completed
2023-2024,LONDON HOCKEY LEAGUE WOMENS,London Women's Premier Division,2024-01-27,Barnes W2,Tulse Hill & Dulwich W1,3,1,https://clubportal.englandhockey.co.uk/uploads/clubcrests/205301/Barnes_HC_1689063858.png,https://clubportal.englandhockey.co.uk/uploads/clubcrests/205975/Tulse_Hill_&_Dulwich_HC_1696366449.png,Dukes Meadow pitch,Completed
2023-2024,LONDON HOCKEY LEAGUE WOMENS,London Women's Premier Division,2024-01-27,Surbiton Sparks,West Herts W1,10,0,https://clubportal.englandhockey.co.uk/uploads/clubcrests/204931/Surbiton_HC_1695094895.jpg,https://clubportal.englandhockey.co.uk/uploads/clubcrests/205091/West_Herts_HC_1695230364.jpg,Surbiton HC - Pitch 2,Completed
2023-2024,LONDON HOCKEY LEAGUE WOMENS,London Women's Premier Division,2024-01-27,Old Cranleighan W1,PHC Chiswick W1,2,0,https://clubportal.englandhockey.co.uk/uploads/clubcrests/204967/Old_Cranleighan_HC_1696437204.png,https://clubportal.englandhockey.co.uk/uploads/clubcrests/205083/PHC_Chiswick_HC_1693069911.jpg,Old Cranleighan Sports Club,Completed
2023-2024,LONDON HOCKEY LEAGUE WOMENS,London Women's Premier Division,2024-01-31,Barnes W2,Hampstead & Westminster W3,5,1,https://clubportal.englandhockey.co.uk/uploads/clubcrests/205301/Barnes_HC_1689063858.png,https://clubportal.englandhockey.co.uk/uploads/clubcrests/204993/Hampstead_&_Westminster_HC_1725291926.jpg,Dukes Meadow pitch,Completed
2023-2024,LONDON HOCKEY LEAGUE WOMENS,London Women's Premier Division,2024-02-03,Wimbledon W3,PHC Chiswick W1,2,2,https://clubportal.englandhockey.co.uk/uploads/clubcrests/205025/Wimbledon_HC_1669065719.jpg,https://clubportal.englandhockey.co.uk/uploads/clubcrests/205083/PHC_Chiswick_HC_1693069911.jpg,Raynes Park High School,Completed
2023-2024,LONDON HOCKEY LEAGUE WOMENS,London Women's Premier Division,2024-02-03,Surbiton Sparks,Old Cranleighan W1,4,1,https://clubportal.englandhockey.co.uk/uploads/clubcrests/204931/Surbiton_HC_1695094895.jpg,https://clubportal.englandhockey.co.uk/uploads/clubcrests/204967/Old_Cranleighan_HC_1696437204.png,Surbiton HC - Pitch 1,Completed
2023-2024,LONDON HOCKEY LEAGUE WOMENS,London Women's Premier Division,2024-02-03,West Herts W1,Wapping W1,0,4,https://clubportal.englandhockey.co.uk/uploads/clubcrests/205091/West_Herts_HC_1695230364.jpg,https://clubportal.englandhockey.co.uk/uploads/clubcrests/205945/Wapping_HC_1692903614.png,New Field,Completed
2023-2024,LONDON HOCKEY LEAGUE WOMENS,London Women's Premier Division,2024-02-03,Wanderers W1,Hampstead & Westminster W3,0,2,https://clubportal.englandhockey.co.uk/uploads/clubcrests/206663/Wanderers_HC_1697184265.png,https://clubportal.englandhockey.co.uk/uploads/clubcrests/204993/Hampstead_&_Westminster_HC_1725291926.jpg,Kennington Park,Completed
2023-2024,LONDON HOCKEY LEAGUE WOMENS,London Women's Premier Division,2024-02-03,Tulse Hill & Dulwich W1,Southgate W2,2,1,https://clubportal.englandhockey.co.uk/uploads/clubcrests/205975/Tulse_Hill_&_Dulwich_HC_1696366449.png,https://clubportal.englandhockey.co.uk/uploads/clubcrests/204919/Southgate_HC_1693241053.png,Alleyns School,Completed
2023-2024,LONDON HOCKEY LEAGUE WOMENS,London Women's Premier Division,2024-02-03,London Wayfarers W2,Barnes W2,1,2,https://clubportal.englandhockey.co.uk/uploads/clubcrests/204951/London_Wayfarers_HC_1665133628.png,https://clubportal.englandhockey.co.uk/uploads/clubcrests/205301/Barnes_HC_1689063858.png,Kings House Sports Ground,Completed
2023-2024,LONDON HOCKEY LEAGUE WOMENS,London Women's Premier Division,2024-02-10,Hampstead & Westminster W3,Tulse Hill & Dulwich W1,2,4,https://clubportal.englandhockey.co.uk/uploads/clubcrests/204993/Hampstead_&_Westminster_HC_1725291926.jpg,https://clubportal.englandhockey.co.uk/uploads/clubcrests/205975/Tulse_Hill_&_Dulwich_HC_1696366449.png,Mill Hill School,Completed
2023-2024,LONDON HOCKEY LEAGUE WOMENS,London Women's Premier Division,2024-02-10,Barnes W2,West Herts W1,5,3,https://clubportal.englandhockey.co.uk/uploads/clubcrests/205301/Barnes_HC_1689063858.png,https://clubportal.englandhockey.co.uk/uploads/clubcrests/205091/West_Herts_HC_1695230364.jpg,Dukes Meadow pitch,Completed
2023-2024,LONDON HOCKEY LEAGUE WOMENS,London Women's Premier Division,2024-02-10,Southgate W2,London Wayfarers W2,2,0,https://clubportal.englandhockey.co.uk/uploads/clubcrests/204919/Southgate_HC_1693241053.png,https://clubportal.englandhockey.co.uk/uploads/clubcrests/204951/London_Wayfarers_HC_1665133628.png,Southgate Hockey Centre Pitch 1,Completed
2023-2024,LONDON HOCKEY LEAGUE WOMENS,London Women's Premier Division,2024-02-10,PHC Chiswick W1,Wanderers W1,2,2,https://clubportal.englandhockey.co.uk/uploads/clubcrests/205083/PHC_Chiswick_HC_1693069911.jpg,https://clubportal.englandhockey.co.uk/uploads/clubcrests/206663/Wanderers_HC_1697184265.png,Latymer Upper School,Completed
2023-2024,LONDON HOCKEY LEAGUE WOMENS,London Women's Premier Division,2024-02-10,Wapping W1,Surbiton Sparks,1,1,https://clubportal.englandhockey.co.uk/uploads/clubcrests/205945/Wapping_HC_1692903614.png,https://clubportal.englandhockey.co.uk/uploads/clubcrests/204931/Surbiton_HC_1695094895.jpg,Lee Valley Hockey and Tennis Centre - Pitch 1,Completed
2023-2024,LONDON HOCKEY LEAGUE WOMENS,London Women's Premier Division,2024-02-10,Old Cranleighan W1,Wimbledon W3,3,1,https://clubportal.englandhockey.co.uk/uploads/clubcrests/204967/Old_Cranleighan_HC_1696437204.png,https://clubportal.englandhockey.co.uk/uploads/clubcrests/205025/Wimbledon_HC_1669065719.jpg,Old Cranleighan Sports Club,Completed
2023-2024,LONDON HOCKEY LEAGUE WOMENS,London Women's Premier Division,2024-02-17,Wimbledon W3,Southgate W2,0,9,https://clubportal.englandhockey.co.uk/uploads/clubcrests/205025/Wimbledon_HC_1669065719.jpg,https://clubportal.englandhockey.co.uk/uploads/clubcrests/204919/Southgate_HC_1693241053.png,Raynes Park High School,Completed
2023-2024,LONDON HOCKEY LEAGUE WOMENS,London Women's Premier Division,2024-02-24,Wapping W1,Old Cranleighan W1,1,0,https://clubportal.englandhockey.co.uk/uploads/clubcrests/205945/Wapping_HC_1692903614.png,https://clubportal.englandhockey.co.uk/uploads/clubcrests/204967/Old_Cranleighan_HC_1696437204.png,Lee Valley Hockey and Tennis Centre - Pitch 2,Completed
2023-2024,LONDON HOCKEY LEAGUE WOMENS,London Women's Premier Division,2024-02-24,Wanderers W1,Wimbledon W3,2,3,https://clubportal.englandhockey.co.uk/uploads/clubcrests/206663/Wanderers_HC_1697184265.png,https://clubportal.englandhockey.co.uk/uploads/clubcrests/205025/Wimbledon_HC_1669065719.jpg,Kennington Park,Completed
2023-2024,LONDON HOCKEY LEAGUE WOMENS,London Women's Premier Division,2024-02-24,Surbiton Sparks,Barnes W2,2,1,https://clubportal.englandhockey.co.uk/uploads/clubcrests/204931/Surbiton_HC_1695094895.jpg,https://clubportal.englandhockey.co.uk/uploads/clubcrests/205301/Barnes_HC_1689063858.png,Surbiton HC - Pitch 1,Completed
2023-2024,LONDON HOCKEY LEAGUE WOMENS,London Women's Premier Division,2024-02-24,West Herts W1,Southgate W2,0,4,https://clubportal.englandhockey.co.uk/uploads/clubcrests/205091/West_Herts_HC_1695230364.jpg,https://clubportal.englandhockey.co.uk/uploads/clubcrests/204919/Southgate_HC_1693241053.png,New Field,Completed
2023-2024,LONDON HOCKEY LEAGUE WOMENS,London Women's Premier Division,2024-02-24,Tulse Hill & Dulwich W1,PHC Chiswick W1,4,1,https://clubportal.englandhockey.co.uk/uploads/clubcrests/205975/Tulse_Hill_&_Dulwich_HC_1696366449.png,https://clubportal.englandhockey.co.uk/uploads/clubcrests/205083/PHC_Chiswick_HC_1693069911.jpg,Alleyns School,Completed
2023-2024,LONDON HOCKEY LEAGUE WOMENS,London Women's Premier Division,2024-02-24,London Wayfarers W2,Hampstead & Westminster W3,4,1,https://clubportal.englandhockey.co.uk/uploads/clubcrests/204951/London_Wayfarers_HC_1665133628.png,https://clubportal.englandhockey.co.uk/uploads/clubcrests/204993/Hampstead_&_Westminster_HC_1725291926.jpg,Kings House Sports Ground,Completed
2023-2024,LONDON HOCKEY LEAGUE WOMENS,London Women's Premier Division,2024-03-02,Wimbledon W3,Tulse Hill & Dulwich W1,1,1,https://clubportal.englandhockey.co.uk/uploads/clubcrests/205025/Wimbledon_HC_1669065719.jpg,https://clubportal.englandhockey.co.uk/uploads/clubcrests/205975/Tulse_Hill_&_Dulwich_HC_1696366449.png,Raynes Park High School,Completed
2023-2024,LONDON HOCKEY LEAGUE WOMENS,London Women's Premier Division,2024-03-02,Southgate W2,Surbiton Sparks,1,2,https://clubportal.englandhockey.co.uk/uploads/clubcrests/204919/Southgate_HC_1693241053.png,https://clubportal.englandhockey.co.uk/uploads/clubcrests/204931/Surbiton_HC_1695094895.jpg,Southgate Hockey Centre Pitch 1,Completed
2023-2024,LONDON HOCKEY LEAGUE WOMENS,London Women's Premier Division,2024-03-02,Barnes W2,Wapping W1,1,1,https://clubportal.englandhockey.co.uk/uploads/clubcrests/205301/Barnes_HC_1689063858.png,https://clubportal.englandhockey.co.uk/uploads/clubcrests/205945/Wapping_HC_1692903614.png,Dukes Meadow pitch,Completed
2023-2024,LONDON HOCKEY LEAGUE WOMENS,London Women's Premier Division,2024-03-02,Hampstead & Westminster W3,West Herts W1,4,4,https://clubportal.englandhockey.co.uk/uploads/clubcrests/204993/Hampstead_&_Westminster_HC_1725291926.jpg,https://clubportal.englandhockey.co.uk/uploads/clubcrests/205091/West_Herts_HC_1695230364.jpg,Mill Hill School,Completed
2023-2024,LONDON HOCKEY LEAGUE WOMENS,London Women's Premier Division,2024-03-02,Old Cranleighan W1,Wanderers W1,0,1,https://clubportal.englandhockey.co.uk/uploads/clubcrests/204967/Old_Cranleighan_HC_1696437204.png,https://clubportal.englandhockey.co.uk/uploads/clubcrests/206663/Wanderers_HC_1697184265.png,Old Cranleighan Sports Club,Completed
2023-2024,LONDON HOCKEY LEAGUE WOMENS,London Women's Premier Division,2024-03-02,PHC Chiswick W1,London Wayfarers W2,1,3,https://clubportal.englandhockey.co.uk/uploads/clubcrests/205083/PHC_Chiswick_HC_1693069911.jpg,https://clubportal.englandhockey.co.uk/uploads/clubcrests/204951/London_Wayfarers_HC_1665133628.png,Latymer Upper School,Completed
2023-2024,LONDON HOCKEY LEAGUE WOMENS,London Women's Premier Division,2024-03-09,West Herts W1,PHC Chiswick W1,0,2,https://clubportal.englandhockey.co.uk/uploads/clubcrests/205091/West_Herts_HC_1695230364.jpg,https://clubportal.englandhockey.co.uk/uploads/clubcrests/205083/PHC_Chiswick_HC_1693069911.jpg,New Field,Completed
2023-2024,LONDON HOCKEY LEAGUE WOMENS,London Women's Premier Division,2024-03-09,Surbiton Sparks,Hampstead & Westminster W3,4,0,https://clubportal.englandhockey.co.uk/uploads/clubcrests/204931/Surbiton_HC_1695094895.jpg,https://clubportal.englandhockey.co.uk/uploads/clubcrests/204993/Hampstead_&_Westminster_HC_1725291926.jpg,Surbiton HC - Pitch 2,Completed
2023-2024,LONDON HOCKEY LEAGUE WOMENS,London Women's Premier Division,2024-03-09,Wapping W1,Southgate W2,1,1,https://clubportal.englandhockey.co.uk/uploads/clubcrests/205945/Wapping_HC_1692903614.png,https://clubportal.englandhockey.co.uk/uploads/clubcrests/204919/Southgate_HC_1693241053.png,Lee Valley Hockey and Tennis Centre - Pitch 1,Completed
2023-2024,LONDON HOCKEY LEAGUE WOMENS,London Women's Premier Division,2024-03-09,Barnes W2,Old Cranleighan W1,3,2,https://clubportal.englandhockey.co.uk/uploads/clubcrests/205301/Barnes_HC_1689063858.png,https://clubportal.englandhockey.co.uk/uploads/clubcrests/204967/Old_Cranleighan_HC_1696437204.png,Dukes Meadow pitch,Completed
2023-2024,LONDON HOCKEY LEAGUE WOMENS,London Women's Premier Division,2024-03-09,Tulse Hill & Dulwich W1,Wanderers W1,4,1,https://clubportal.englandhockey.co.uk/uploads/clubcrests/205975/Tulse_Hill_&_Dulwich_HC_1696366449.png,https://clubportal.englandhockey.co.uk/uploads/clubcrests/206663/Wanderers_HC_1697184265.png,Alleyns School,Completed
2023-2024,LONDON HOCKEY LEAGUE WOMENS,London Women's Premier Division,2024-03-09,London Wayfarers W2,Wimbledon W3,3,2,https://clubportal.englandhockey.co.uk/uploads/clubcrests/204951/London_Wayfarers_HC_1665133628.png,https://clubportal.englandhockey.co.uk/uploads/clubcrests/205025/Wimbledon_HC_1669065719.jpg,Kings House Sports Ground,Completed
2023-2024,LONDON HOCKEY LEAGUE WOMENS,London Women's Premier Division,2024-03-16,Wimbledon W3,West Herts W1,1,2,https://clubportal.englandhockey.co.uk/uploads/clubcrests/205025/Wimbledon_HC_1669065719.jpg,https://clubportal.englandhockey.co.uk/uploads/clubcrests/205091/West_Herts_HC_1695230364.jpg,Raynes Park High School,Completed
2023-2024,LONDON HOCKEY LEAGUE WOMENS,London Women's Premier Division,2024-03-16,Hampstead & Westminster W3,Wapping W1,0,5,https://clubportal.englandhockey.co.uk/uploads/clubcrests/204993/Hampstead_&_Westminster_HC_1725291926.jpg,https://clubportal.englandhockey.co.uk/uploads/clubcrests/205945/Wapping_HC_1692903614.png,Paddington Recreation Ground,Completed
2023-2024,LONDON HOCKEY LEAGUE WOMENS,London Women's Premier Division,2024-03-16,Wanderers W1,London Wayfarers W2,1,3,https://clubportal.englandhockey.co.uk/uploads/clubcrests/206663/Wanderers_HC_1697184265.png,https://clubportal.englandhockey.co.uk/uploads/clubcrests/204951/London_Wayfarers_HC_1665133628.png,Kennington Park,Completed
2023-2024,LONDON HOCKEY LEAGUE WOMENS,London Women's Premier Division,2024-03-16,Southgate W2,Barnes W2,3,3,https://clubportal.englandhockey.co.uk/uploads/clubcrests/204919/Southgate_HC_1693241053.png,https://clubportal.englandhockey.co.uk/uploads/clubcrests/205301/Barnes_HC_1689063858.png,Southgate Hockey Centre Pitch 1,Completed
2023-2024,LONDON HOCKEY LEAGUE WOMENS,London Women's Premier Division,2024-03-16,Old Cranleighan W1,Tulse Hill & Dulwich W1,1,1,https://clubportal.englandhockey.co.uk/uploads/clubcrests/204967/Old_Cranleighan_HC_1696437204.png,https://clubportal.englandhockey.co.uk/uploads/clubcrests/205975/Tulse_Hill_&_Dulwich_HC_1696366449.png,Old Cranleighan Sports Club,Completed
2023-2024,LONDON HOCKEY LEAGUE WOMENS,London Women's Premier Division,2024-03-16,PHC Chiswick W1,Surbiton Sparks,2,2,https://clubportal.englandhockey.co.uk/uploads/clubcrests/205083/PHC_Chiswick_HC_1693069911.jpg,https://clubportal.englandhockey.co.uk/uploads/clubcrests/204931/Surbiton_HC_1695094895.jpg,Latymer Upper School,Completed
2023-2024,LONDON HOCKEY LEAGUE WOMENS,London Women's Premier Division,2024-03-23,London Wayfarers W2,Tulse Hill & Dulwich W1,2,1,https://clubportal.englandhockey.co.uk/uploads/clubcrests/204951/London_Wayfarers_HC_1665133628.png,https://clubportal.englandhockey.co.uk/uploads/clubcrests/205975/Tulse_Hill_&_Dulwich_HC_1696366449.png,Kings House Sports Ground,Completed
2023-2024,LONDON HOCKEY LEAGUE WOMENS,London Women's Premier Division,2024-03-23,Hampstead & Westminster W3,Barnes W2,2,7,https://clubportal.englandhockey.co.uk/uploads/clubcrests/204993/Hampstead_&_Westminster_HC_1725291926.jpg,https://clubportal.englandhockey.co.uk/uploads/clubcrests/205301/Barnes_HC_1689063858.png,Paddington Recreation Ground,Completed
2023-2024,LONDON HOCKEY LEAGUE WOMENS,London Women's Premier Division,2024-03-23,West Herts W1,Wanderers W1,0,1,https://clubportal.englandhockey.co.uk/uploads/clubcrests/205091/West_Herts_HC_1695230364.jpg,https://clubportal.englandhockey.co.uk/uploads/clubcrests/206663/Wanderers_HC_1697184265.png,New Field,Completed
2023-2024,LONDON HOCKEY LEAGUE WOMENS,London Women's Premier Division,2024-03-23,Surbiton Sparks,Wimbledon W3,4,1,https://clubportal.englandhockey.co.uk/uploads/clubcrests/204931/Surbiton_HC_1695094895.jpg,https://clubportal.englandhockey.co.uk/uploads/clubcrests/205025/Wimbledon_HC_1669065719.jpg,Surbiton HC - Pitch 1,Completed
2023-2024,LONDON HOCKEY LEAGUE WOMENS,London Women's Premier Division,2024-03-23,Wapping W1,PHC Chiswick W1,0,1,https://clubportal.englandhockey.co.uk/uploads/clubcrests/205945/Wapping_HC_1692903614.png,https://clubportal.englandhockey.co.uk/uploads/clubcrests/205083/PHC_Chiswick_HC_1693069911.jpg,Lee Valley Hockey and Tennis Centre - Pitch 1,Completed
2023-2024,LONDON HOCKEY LEAGUE WOMENS,London Women's Premier Division,2024-03-23,Southgate W2,Old Cranleighan W1,3,0,https://clubportal.englandhockey.co.uk/uploads/clubcrests/204919/Southgate_HC_1693241053.png,https://clubportal.englandhockey.co.uk/uploads/clubcrests/204967/Old_Cranleighan_HC_1696437204.png,Southgate Hockey Centre Pitch 1,Completed
